id,relayid,sensorid,update_time,processed_status,start_index,end_index,index_len,width,peakvalue,other_peak,other_var
1,2,9,2017/07/18 14:52:44,0,96,294,2,141,8819,3208,685
2,2,9,2017/07/18 14:52:48,0,96,214,2,87,19375,4859,772
3,2,9,2017/07/18 14:52:51,0,95,402,3,284,8763,2438,616
4,2,9,2017/07/18 14:52:55,0,96,269,2,117,13369,3779,734
5,2,9,2017/07/18 14:52:59,0,95,270,2,130,6920,3718,701
6,2,9,2017/07/18 14:53:03,0,96,323,2,161,14190,3409,703
7,2,9,2017/07/18 14:53:07,0,83,237,2,112,9893,3022,660
8,2,9,2017/07/18 14:53:10,0,96,375,3,217,4451,2204,583
9,2,10,2017/07/18 14:53:43,0,96,272,2,111,20548,8299,961
10,2,10,2017/07/18 14:53:46,0,96,187,2,55,11560,3314,613
11,2,10,2017/07/18 14:53:50,0,96,306,2,136,22625,6994,849
12,2,10,2017/07/18 14:53:54,0,96,291,2,127,20995,7264,930
13,2,10,2017/07/18 14:53:58,0,96,279,2,121,21280,8906,793
14,2,10,2017/07/18 14:54:02,0,75,273,2,158,8722,1432,438
15,2,10,2017/07/18 14:54:06,0,96,250,2,96,21104,7959,993
16,2,10,2017/07/18 14:54:09,0,96,412,2,238,29436,11452,985
17,2,9,2017/07/18 15:07:41,0,96,325,2,161,17003,3005,689
18,2,9,2017/07/18 15:07:45,0,96,354,2,195,12222,2675,630
19,2,9,2017/07/18 15:07:49,0,96,308,2,145,7419,3599,703
20,2,9,2017/07/18 15:07:53,0,95,289,2,136,16171,2983,729
21,2,9,2017/07/18 15:07:56,0,91,325,2,176,22280,5077,885
22,2,9,2017/07/18 15:08:00,0,96,260,2,111,15116,4126,789
23,2,9,2017/07/18 15:08:04,0,96,280,2,128,14980,4126,756
24,2,9,2017/07/18 15:08:08,0,95,349,2,183,17289,3363,727
25,2,7,2017/07/18 16:01:14,0,93,249,2,106,8707,3972,702
26,2,7,2017/07/18 16:01:18,0,96,245,2,99,12021,6248,1090
27,2,7,2017/07/18 16:01:22,0,96,268,2,128,12693,5863,826
28,2,7,2017/07/18 16:01:26,0,95,252,2,114,9496,3922,780
29,2,7,2017/07/18 16:01:30,0,94,263,2,119,7339,4403,796
30,2,7,2017/07/18 16:01:33,0,95,270,2,132,7130,4272,732
31,2,7,2017/07/18 16:01:37,0,95,259,2,138,5364,2765,519
32,2,7,2017/07/18 16:01:41,0,96,379,4,259,13000,4708,880
33,2,7,2017/07/18 16:01:45,0,95,330,2,193,8796,3488,814
34,2,7,2017/07/18 16:01:49,0,96,448,2,293,24417,8964,1046
35,2,7,2017/07/18 16:01:53,0,96,432,2,311,14674,5163,949
36,2,7,2017/07/18 16:01:56,0,96,303,2,138,26142,10142,1151
37,2,7,2017/07/18 16:02:00,0,95,332,2,194,7797,2404,476
38,2,7,2017/07/18 16:02:04,0,95,425,2,304,8172,7308,828
39,2,7,2017/07/18 16:02:08,0,95,432,3,320,2714,4634,415
40,2,7,2017/07/18 16:02:12,0,96,233,2,116,6982,2971,487
41,2,7,2017/07/18 16:02:15,0,95,243,2,104,6214,3965,714
42,2,7,2017/07/18 16:02:19,0,96,262,2,110,10984,9068,934
43,2,7,2017/07/18 16:02:23,0,96,237,2,115,5953,3223,509
44,2,7,2017/07/18 16:02:27,0,94,284,2,129,7914,5358,904
45,2,7,2017/07/18 16:02:31,0,91,240,2,131,2636,1263,231
46,2,7,2017/07/18 16:02:34,0,96,278,2,144,8141,2253,656
47,2,7,2017/07/18 16:02:38,0,94,261,2,109,10505,4961,817
48,2,7,2017/07/18 16:02:42,0,95,279,2,134,9504,3338,689
49,2,7,2017/07/18 16:02:46,0,95,286,2,136,11465,3770,760
50,2,7,2017/07/18 16:02:50,0,95,231,2,100,8766,3913,697
51,2,7,2017/07/18 16:02:57,0,96,302,2,142,8227,7163,879
52,2,7,2017/07/18 16:03:01,0,95,269,2,151,5209,1837,411
53,2,7,2017/07/18 16:03:05,0,95,365,3,250,5078,2633,556
54,2,7,2017/07/18 16:03:09,0,95,238,2,112,6929,3416,580
55,2,7,2017/07/18 16:03:13,0,96,179,2,33,13762,6517,934
56,2,7,2017/07/18 16:03:16,0,96,178,3,65,20097,8514,1112
57,2,7,2017/07/18 16:03:20,0,93,253,2,118,8687,4193,764
58,2,7,2017/07/18 16:03:24,0,96,274,2,114,13517,5214,924
59,2,7,2017/07/18 16:03:28,0,96,313,2,155,9232,6455,751
60,2,7,2017/07/18 16:03:32,0,95,280,2,123,9527,10107,821
61,2,7,2017/07/18 16:03:35,0,88,261,2,157,2693,1847,247
62,2,7,2017/07/18 16:03:39,0,96,324,2,166,8244,3132,694
63,2,7,2017/07/18 16:03:43,0,96,300,2,173,4846,1971,387
64,2,7,2017/07/18 16:03:47,0,95,239,2,102,8750,3854,693
65,2,7,2017/07/18 16:03:51,0,95,292,2,142,11278,3083,761
66,2,7,2017/07/18 16:03:54,0,96,299,2,164,3606,1365,361
67,2,7,2017/07/18 16:03:58,0,95,258,2,141,4373,1504,371
68,2,7,2017/07/18 16:04:02,0,95,329,2,184,8174,2490,658
69,2,7,2017/07/18 16:04:06,0,94,236,2,88,10090,3516,775
70,2,7,2017/07/18 16:04:10,0,96,486,3,366,6196,3736,640
71,2,7,2017/07/18 16:04:14,0,96,328,2,190,11895,4263,889
72,2,7,2017/07/18 16:04:17,0,96,272,2,118,11365,8006,864
73,2,7,2017/07/18 16:04:21,0,96,453,3,334,4787,1727,547
74,2,7,2017/07/18 16:04:25,0,96,387,3,241,6412,3012,669
75,2,7,2017/07/18 16:04:29,0,95,384,4,275,5984,3328,643
76,2,7,2017/07/18 16:04:33,0,95,526,3,415,5179,2705,505
77,2,7,2017/07/18 16:04:36,0,96,302,2,145,13556,7033,976
78,2,7,2017/07/18 16:04:40,0,96,267,2,134,8831,2562,615
79,2,7,2017/07/18 16:04:48,0,96,262,2,127,5273,5532,758
80,2,7,2017/07/18 16:04:52,0,95,260,2,110,15427,7369,1013
81,2,7,2017/07/18 16:04:55,0,96,258,2,107,15964,8263,1093
82,2,7,2017/07/18 16:05:03,0,95,277,2,111,8539,5274,827
83,2,7,2017/07/18 16:05:07,0,95,316,2,193,2744,1616,206
84,2,7,2017/07/18 16:05:11,0,96,348,2,150,9044,5773,776
85,2,7,2017/07/18 16:05:14,0,93,393,4,275,4682,3072,626
86,2,7,2017/07/18 16:05:18,0,95,553,3,439,4456,3999,726
87,2,7,2017/07/18 16:05:22,0,90,247,2,134,3238,1872,218
88,2,7,2017/07/18 16:05:26,0,96,289,2,135,7775,4286,735
89,2,7,2017/07/18 16:05:30,0,95,383,4,264,9242,4822,807
90,2,7,2017/07/18 16:05:33,0,95,369,2,229,4135,1542,309
91,2,7,2017/07/18 16:05:37,0,94,456,3,342,4905,4940,591
92,2,7,2017/07/18 16:05:41,0,96,328,2,161,9562,6249,859
93,2,7,2017/07/18 16:05:45,0,96,200,2,90,4872,1505,433
94,2,7,2017/07/18 16:05:49,0,95,443,4,324,6568,4465,732
95,2,7,2017/07/18 16:05:53,0,93,324,3,187,5851,8959,754
96,2,7,2017/07/18 16:05:56,0,95,313,2,153,11415,9345,902
97,2,7,2017/07/18 16:06:00,0,94,250,2,115,10682,5214,799
98,2,7,2017/07/18 16:06:04,0,96,389,4,270,7986,5564,780
99,2,7,2017/07/18 16:06:08,0,94,292,2,156,5855,3464,753
100,2,7,2017/07/18 16:06:12,0,96,352,3,210,8820,5636,804
101,2,7,2017/07/18 16:06:15,0,96,288,2,145,12548,4659,853
102,2,7,2017/07/18 16:06:19,0,96,279,2,147,6661,1976,458
103,2,7,2017/07/18 16:06:23,0,96,386,2,221,8633,2835,763
104,2,7,2017/07/18 16:06:27,0,96,262,2,121,7408,3839,772
105,2,7,2017/07/18 16:06:31,0,95,274,2,141,10013,3646,794
106,2,7,2017/07/18 16:06:34,0,96,287,2,160,5888,4808,663
107,2,7,2017/07/18 16:06:38,0,96,316,2,177,6414,3985,731
108,2,7,2017/07/18 16:06:42,0,95,286,2,160,6778,2461,527
109,2,7,2017/07/18 16:06:46,0,95,350,2,219,7465,2640,625
110,2,7,2017/07/18 16:06:50,0,93,489,3,366,4272,4502,498
111,2,7,2017/07/18 16:06:53,0,96,238,2,92,16564,6795,1132
112,2,7,2017/07/18 16:06:57,0,96,241,2,86,18991,8604,1161
113,2,7,2017/07/18 16:07:01,0,93,294,2,159,6108,7234,831
114,2,7,2017/07/18 16:07:05,0,96,260,2,132,6364,3719,734
115,2,7,2017/07/18 16:07:09,0,96,279,2,144,7758,3640,710
116,2,7,2017/07/18 16:07:12,0,96,313,2,166,9561,3155,741
117,2,7,2017/07/18 16:07:16,0,94,378,4,262,3969,5026,706
118,2,7,2017/07/18 16:07:20,0,96,455,3,335,7118,3992,691
119,2,7,2017/07/18 16:07:24,0,96,370,4,252,8052,4397,723
120,2,7,2017/07/18 16:07:28,0,95,242,2,107,6814,2308,612
121,2,7,2017/07/18 16:07:32,0,96,274,2,120,13058,11847,923
122,2,7,2017/07/18 16:07:39,0,95,273,2,134,8377,5209,864
123,2,7,2017/07/18 16:07:43,0,96,274,2,122,14638,9275,1076
124,2,7,2017/07/18 16:07:47,0,95,258,2,132,9161,3200,702
125,2,7,2017/07/18 16:07:51,0,96,375,4,255,11001,4678,828
126,2,7,2017/07/18 16:07:54,0,94,263,2,126,11817,4737,802
127,2,7,2017/07/18 16:07:58,0,94,407,4,278,3129,2819,545
128,2,7,2017/07/18 16:08:02,0,96,233,2,99,14086,5491,992
129,2,7,2017/07/18 16:08:06,0,96,323,3,163,8926,6742,837
130,2,7,2017/07/18 16:08:10,0,96,403,4,283,8092,4320,784
131,2,7,2017/07/18 16:08:13,0,96,415,2,287,5679,2044,278
132,2,7,2017/07/18 16:08:17,0,95,364,2,244,8355,2771,576
133,2,7,2017/07/18 16:08:21,0,95,326,2,199,4822,3121,476
134,2,7,2017/07/18 16:08:25,0,96,314,2,187,5377,1610,303
135,2,7,2017/07/18 16:08:29,0,95,318,2,157,12863,5342,870
136,2,7,2017/07/18 16:08:32,0,96,227,2,85,8893,4735,763
137,2,7,2017/07/18 16:08:36,0,95,234,2,98,8876,2353,656
138,2,7,2017/07/18 16:08:40,0,95,255,2,106,7980,3304,650
139,2,7,2017/07/18 16:08:44,0,96,206,2,49,15246,6663,1008
140,2,7,2017/07/18 16:08:48,0,95,319,2,163,15190,8720,1169
141,2,7,2017/07/18 16:08:52,0,96,384,3,262,5888,4697,746
142,2,7,2017/07/18 16:08:55,0,96,481,2,369,4559,1611,577
143,2,7,2017/07/18 16:08:59,0,96,281,2,121,10370,6605,860
144,2,7,2017/07/18 16:09:03,0,95,216,2,77,11571,3848,855
145,2,7,2017/07/18 16:09:07,0,94,268,2,127,6637,4898,748
146,2,7,2017/07/18 16:09:11,0,95,245,2,125,6191,2710,422
147,2,7,2017/07/18 16:09:14,0,96,324,2,161,11307,5997,902
148,2,7,2017/07/18 16:09:18,0,96,268,2,120,15753,6453,943
149,2,7,2017/07/18 16:09:22,0,95,307,2,173,8113,3184,691
150,2,7,2017/07/18 16:09:26,0,95,410,4,278,5500,2211,567
151,2,7,2017/07/18 16:09:30,0,97,393,3,287,3495,2892,755
152,2,7,2017/07/18 16:09:33,0,95,390,2,267,4685,2670,500
153,2,7,2017/07/18 16:09:37,0,95,299,2,155,19032,6582,1016
154,2,7,2017/07/18 16:09:41,0,95,270,2,97,11689,10094,942
155,2,7,2017/07/18 16:09:45,0,94,314,2,162,7753,4827,773
156,2,7,2017/07/18 16:09:49,0,95,307,2,117,9587,6482,906
157,2,7,2017/07/18 16:09:53,0,95,289,2,159,7572,2813,635
158,2,7,2017/07/18 16:09:56,0,95,273,2,146,7558,2905,647
159,2,7,2017/07/18 16:10:00,0,95,245,2,75,16547,7791,1003
160,2,7,2017/07/18 16:10:04,0,96,246,2,94,14362,7489,1134
161,2,7,2017/07/18 16:10:08,0,95,495,2,338,21095,8750,1026
162,2,7,2017/07/18 16:10:12,0,95,253,2,101,15499,6071,1082
163,2,7,2017/07/18 16:10:15,0,96,341,2,181,8268,5596,853
164,2,7,2017/07/18 16:10:19,0,96,272,2,136,5855,4936,820
165,2,7,2017/07/18 16:10:23,0,96,339,2,169,8802,5880,818
166,2,7,2017/07/18 16:10:27,0,96,374,4,255,10386,6805,893
167,2,7,2017/07/18 16:10:31,0,95,288,3,176,2703,1135,273
168,2,7,2017/07/18 16:10:34,0,96,208,2,73,8659,4645,793
169,2,7,2017/07/18 16:10:38,0,96,231,2,81,20139,9139,1288
170,2,7,2017/07/18 16:10:42,0,96,315,2,177,8979,9781,926
171,2,7,2017/07/18 16:10:46,0,96,303,2,141,12752,5499,989
172,2,7,2017/07/18 16:10:50,0,95,256,2,112,8848,3503,764
173,2,7,2017/07/18 16:10:53,0,95,270,2,131,4930,4791,659
174,2,7,2017/07/18 16:10:57,0,96,306,2,153,13692,5437,927
175,2,7,2017/07/18 16:11:01,0,95,388,2,237,7025,2647,506
176,2,7,2017/07/18 16:11:05,0,96,328,2,197,3767,1646,226
177,2,7,2017/07/18 16:11:09,0,96,282,2,105,11695,9413,1008
178,2,7,2017/07/18 16:11:13,0,93,307,2,147,7107,7219,782
179,2,7,2017/07/18 16:11:16,0,93,331,2,166,5603,8418,870
180,2,7,2017/07/18 16:11:20,0,94,311,2,157,6232,7350,786
181,2,7,2017/07/18 16:11:24,0,96,308,2,176,5796,2733,362
182,2,7,2017/07/18 16:11:28,0,95,302,2,144,10896,4759,900
183,2,7,2017/07/18 16:11:32,0,95,286,4,169,4015,1615,278
184,2,7,2017/07/18 16:11:35,0,95,270,2,123,14539,5352,957
185,2,7,2017/07/18 16:11:39,0,96,287,2,168,4032,1385,183
186,2,7,2017/07/18 16:11:43,0,95,234,2,99,9290,3453,844
187,2,7,2017/07/18 16:11:47,0,96,279,2,130,7578,6312,843
188,2,7,2017/07/18 16:11:51,0,96,307,2,163,12126,4010,872
189,2,7,2017/07/18 16:11:54,0,96,252,2,113,9065,4284,747
190,2,7,2017/07/18 16:11:58,0,96,254,2,125,6604,2719,579
191,2,7,2017/07/18 16:12:02,0,96,350,2,183,8605,7727,789
192,2,7,2017/07/18 16:12:06,0,94,429,3,282,8564,6193,803
193,2,7,2017/07/18 16:12:10,0,95,205,2,87,7934,3970,826
194,2,7,2017/07/18 16:12:13,0,96,228,2,94,9247,3519,848
195,2,7,2017/07/18 16:12:17,0,95,281,2,125,16532,7960,984
196,2,7,2017/07/18 16:12:21,0,95,295,2,160,10572,2802,709
197,2,10,2017/07/18 16:14:31,0,94,236,2,101,17333,3488,777
198,2,10,2017/07/18 16:14:35,0,96,261,2,93,21112,7550,952
199,2,10,2017/07/18 16:14:39,0,92,259,2,129,14410,1775,601
200,2,10,2017/07/18 16:14:42,0,95,294,2,148,7832,3005,671
201,2,10,2017/07/18 16:14:46,0,95,221,2,102,8286,3053,775
202,2,10,2017/07/18 16:14:50,0,95,474,2,298,30923,23034,1238
203,2,10,2017/07/18 16:14:54,0,96,277,2,157,14564,5596,860
204,2,10,2017/07/18 16:14:58,0,96,282,2,126,24092,8586,796
205,2,10,2017/07/18 16:15:01,0,96,317,2,169,9895,4818,696
206,2,10,2017/07/18 16:15:05,0,96,390,2,222,21995,4069,701
207,2,10,2017/07/18 16:15:09,0,96,379,3,248,6805,1992,586
208,2,10,2017/07/18 16:15:13,0,95,305,2,143,24499,8691,824
209,2,10,2017/07/18 16:15:17,0,96,294,2,113,25044,9972,1015
210,2,10,2017/07/18 16:15:21,0,96,293,2,136,21748,8828,844
211,2,10,2017/07/18 16:15:24,0,95,193,2,71,4047,1442,526
212,2,10,2017/07/18 16:15:28,0,96,263,2,115,16408,5030,898
213,2,10,2017/07/18 16:15:32,0,96,265,2,92,19394,8184,952
214,2,10,2017/07/18 16:15:36,0,96,437,2,288,2890,1487,511
215,2,10,2017/07/18 16:15:40,0,96,269,2,109,23519,15162,1096
216,2,10,2017/07/18 16:15:43,0,96,285,2,111,21165,10472,1016
217,2,10,2017/07/18 16:15:47,0,96,266,2,135,11784,4522,752
218,2,10,2017/07/18 16:15:51,0,96,279,2,122,23635,6428,792
219,2,10,2017/07/18 16:15:55,0,96,301,2,137,20876,7844,771
220,2,10,2017/07/18 16:15:59,0,96,279,2,120,18470,9832,990
221,2,10,2017/07/18 16:16:02,0,95,241,2,80,17755,5579,921
222,2,10,2017/07/18 16:16:06,0,95,437,3,318,20002,4410,717
223,2,10,2017/07/18 16:16:10,0,95,397,3,279,7803,2558,717
224,2,10,2017/07/18 16:16:14,0,84,224,2,126,2559,1964,482
225,2,10,2017/07/18 16:16:18,0,96,293,2,129,18722,9501,945
226,2,10,2017/07/18 16:16:21,0,96,353,2,196,24183,13696,973
227,2,10,2017/07/18 16:16:25,0,96,377,2,211,25313,18211,986
228,2,10,2017/07/18 16:16:29,0,96,330,2,174,26405,10157,939
229,2,10,2017/07/18 16:16:33,0,95,276,2,152,4396,1412,451
230,2,10,2017/07/18 16:16:37,0,96,263,2,138,4831,1497,454
231,2,10,2017/07/18 16:16:41,0,96,399,3,274,22400,5481,840
232,2,10,2017/07/18 16:16:44,0,96,383,3,204,23673,5899,801
233,2,10,2017/07/18 16:16:48,0,87,212,2,99,7506,2221,653
234,2,10,2017/07/18 16:16:52,0,96,305,2,135,21700,5630,894
235,2,10,2017/07/18 16:16:56,0,94,266,3,147,21952,6653,812
236,2,10,2017/07/18 16:17:00,0,96,193,2,63,29477,12355,1096
237,2,10,2017/07/18 16:17:03,0,96,192,3,79,30531,20392,1079
238,2,10,2017/07/18 16:17:07,0,96,462,3,344,16910,8228,698
239,2,10,2017/07/18 16:17:11,0,96,238,2,121,3428,1823,584
240,2,10,2017/07/18 16:17:15,0,96,241,2,79,16361,14350,1005
241,2,10,2017/07/18 16:17:19,0,96,283,2,106,21643,13036,1078
242,2,10,2017/07/18 16:17:22,0,96,244,2,122,10089,5697,740
243,2,10,2017/07/18 16:17:26,0,96,268,2,98,22302,18116,1011
244,2,10,2017/07/18 16:17:30,0,95,362,2,184,23777,28675,952
245,2,10,2017/07/18 16:17:34,0,96,347,2,178,21390,18738,863
246,2,10,2017/07/18 16:17:38,0,96,290,2,155,11755,6743,809
247,2,10,2017/07/18 16:17:41,0,96,284,2,118,23834,10908,1009
248,2,10,2017/07/18 16:17:45,0,96,358,2,216,14018,3140,652
249,2,10,2017/07/18 16:17:49,0,95,229,2,83,20897,8707,980
250,2,10,2017/07/18 16:17:53,0,96,307,2,136,18887,8374,885
251,2,10,2017/07/18 16:17:57,0,96,279,2,150,7942,3245,714
252,2,10,2017/07/18 16:18:01,0,95,324,2,193,3700,1522,454
253,2,10,2017/07/18 16:18:04,0,96,310,2,141,22818,8757,956
254,2,10,2017/07/18 16:18:08,0,95,267,2,147,4771,1521,549
255,2,10,2017/07/18 16:18:12,0,96,294,2,125,22207,11035,1041
256,2,10,2017/07/18 16:18:16,0,96,473,3,344,21992,12128,839
257,2,10,2017/07/18 16:18:20,0,95,239,3,131,1679,1483,535
258,2,10,2017/07/18 16:18:23,0,95,393,4,262,4998,2797,675
259,2,10,2017/07/18 16:18:27,0,96,306,2,137,23652,8666,952
260,2,10,2017/07/18 16:18:31,0,96,241,3,123,5802,4070,737
261,2,10,2017/07/18 16:18:35,0,96,383,2,202,28378,11364,1049
262,2,10,2017/07/18 16:18:39,0,96,217,2,96,12361,3805,765
263,2,10,2017/07/18 16:18:46,0,96,279,3,140,14063,3144,629
264,2,10,2017/07/18 16:18:50,0,96,356,2,245,3155,1464,496
265,2,10,2017/07/18 16:18:54,0,96,265,2,104,26226,9006,1067
266,2,10,2017/07/18 16:18:58,0,96,260,3,126,21721,15659,1035
267,2,10,2017/07/18 16:19:01,0,96,272,2,111,23442,8487,915
268,2,10,2017/07/18 16:19:05,0,96,310,2,146,21111,6902,815
269,2,10,2017/07/18 16:19:09,0,96,367,3,238,2221,1887,471
270,2,10,2017/07/18 16:19:13,0,96,287,2,125,21843,11206,910
271,2,10,2017/07/18 16:19:17,0,95,245,2,95,20082,7764,886
272,2,10,2017/07/18 16:19:21,0,95,345,3,124,23209,11947,992
273,2,10,2017/07/18 16:19:24,0,69,316,4,195,8429,2714,596
274,2,10,2017/07/18 16:19:28,0,95,196,2,75,5776,1881,615
275,2,10,2017/07/18 16:19:32,0,95,263,2,125,11258,3768,812
276,2,10,2017/07/18 16:19:36,0,96,223,2,80,17959,8611,945
277,2,10,2017/07/18 16:19:40,0,96,251,2,78,24513,11398,1118
278,2,10,2017/07/18 16:19:43,0,96,269,2,114,11706,7775,825
279,2,10,2017/07/18 16:19:47,0,96,408,2,227,18072,5919,788
280,2,10,2017/07/18 16:19:51,0,96,317,2,144,19792,6943,908
281,2,10,2017/07/18 16:19:55,0,95,241,2,107,15495,8454,902
282,2,10,2017/07/18 16:19:59,0,95,497,2,298,36856,28062,1253
283,2,10,2017/07/18 16:20:02,0,96,270,2,105,13635,5387,840
284,2,10,2017/07/18 16:20:06,0,96,272,2,123,23525,12607,1102
285,2,10,2017/07/18 16:20:10,0,96,300,2,131,24110,6063,867
286,2,10,2017/07/18 16:20:14,0,96,263,3,130,21234,8019,886
287,2,10,2017/07/18 16:20:18,0,95,264,4,137,5700,2872,584
288,2,10,2017/07/18 16:20:21,0,96,265,2,124,10211,4357,785
289,2,10,2017/07/18 16:20:25,0,96,536,3,150,2690,1442,543
290,2,10,2017/07/18 16:20:29,0,95,434,3,292,4131,1781,576
291,2,10,2017/07/18 16:20:33,0,95,312,3,155,17562,7692,817
292,2,10,2017/07/18 16:20:37,0,96,261,2,97,15098,9334,942
293,2,10,2017/07/18 16:20:41,0,96,291,2,128,19720,8894,1003
294,2,10,2017/07/18 16:20:44,0,85,238,4,123,5121,1947,598
295,2,10,2017/07/18 16:20:48,0,96,250,2,118,14984,9351,832
296,2,10,2017/07/18 16:20:52,0,92,291,3,150,10806,2577,629
297,2,10,2017/07/18 16:20:56,0,95,384,2,85,1906,1491,469
298,2,10,2017/07/18 16:21:00,0,96,346,3,145,23508,9435,977
299,2,10,2017/07/18 16:21:03,0,96,530,3,344,36828,20983,1298
300,2,10,2017/07/18 16:21:07,0,96,271,3,148,5229,1898,566
301,2,10,2017/07/18 16:21:11,0,97,283,3,198,2450,1404,526
302,2,9,2017/07/18 16:23:14,0,96,275,2,125,16177,3867,805
303,2,9,2017/07/18 16:23:18,0,95,246,2,103,13478,2761,566
304,2,9,2017/07/18 16:23:21,0,96,250,2,121,7127,4336,697
305,2,9,2017/07/18 16:23:25,0,96,267,2,125,9232,4251,774
306,2,9,2017/07/18 16:23:29,0,86,247,2,134,5072,1835,232
307,2,9,2017/07/18 16:23:33,0,88,190,2,84,4718,3196,278
308,2,9,2017/07/18 16:23:37,0,95,231,2,91,9718,4989,874
309,2,9,2017/07/18 16:23:40,0,96,186,2,94,30714,6754,985
310,2,9,2017/07/18 16:23:44,0,96,462,3,346,14311,2529,608
311,2,9,2017/07/18 16:23:48,0,86,242,2,127,5608,2079,374
312,2,9,2017/07/18 16:23:52,0,95,246,2,139,4723,2209,240
313,2,9,2017/07/18 16:23:56,0,75,244,2,119,11865,4313,567
314,2,7,2017/07/18 17:14:13,0,95,287,2,141,14219,6916,1046
315,2,7,2017/07/18 17:14:17,0,96,338,3,193,9397,6147,820
316,2,7,2017/07/18 17:14:21,0,96,299,2,142,16598,8423,1068
317,2,7,2017/07/18 17:14:29,0,96,515,3,402,7334,3190,667
318,2,7,2017/07/18 17:14:33,0,96,379,3,255,5903,4111,734
319,2,7,2017/07/18 17:14:36,0,95,252,2,136,4371,2096,459
320,2,7,2017/07/18 17:14:40,0,96,299,2,153,5969,4134,720
321,2,7,2017/07/18 17:14:44,0,95,266,2,115,8222,3528,741
322,2,7,2017/07/18 17:14:48,0,96,326,2,155,9017,3871,787
323,2,7,2017/07/18 17:14:52,0,96,261,2,113,13127,4799,1006
324,2,7,2017/07/18 17:14:55,0,96,288,2,165,5258,2242,466
325,2,7,2017/07/18 17:14:59,0,94,369,4,257,4654,2996,675
326,2,7,2017/07/18 17:15:03,0,95,317,2,202,6145,2077,516
327,2,7,2017/07/18 17:15:07,0,95,368,2,223,5900,4010,755
328,2,7,2017/07/18 17:15:11,0,95,350,2,213,4506,2338,466
329,2,7,2017/07/18 17:15:14,0,95,278,2,112,11826,8617,935
330,2,7,2017/07/18 17:15:18,0,95,333,2,163,11239,5248,905
331,2,7,2017/07/18 17:15:22,0,96,291,2,134,11943,11676,1147
332,2,7,2017/07/18 17:15:26,0,96,274,2,120,5657,3380,759
333,2,7,2017/07/18 17:15:30,0,96,195,2,74,11073,5191,803
334,2,7,2017/07/18 17:15:33,0,95,303,2,149,5532,4364,740
335,2,7,2017/07/18 17:15:37,0,95,278,2,124,13029,9564,976
336,2,7,2017/07/18 17:15:41,0,96,432,2,283,19049,4731,1015
337,2,7,2017/07/18 17:15:45,0,96,266,2,123,14803,8477,1002
338,2,7,2017/07/18 17:15:49,0,95,327,2,183,5729,5755,773
339,2,7,2017/07/18 17:15:53,0,96,353,4,233,12828,7352,988
340,2,7,2017/07/18 17:15:56,0,96,286,2,148,8331,3251,779
341,2,7,2017/07/18 17:16:00,0,95,327,2,192,5812,1894,450
342,2,7,2017/07/18 17:16:04,0,96,336,2,189,9612,3982,775
343,2,7,2017/07/18 17:16:08,0,96,382,3,234,13684,6800,983
344,2,7,2017/07/18 17:16:11,0,95,393,2,238,6059,4007,702
345,2,7,2017/07/18 17:16:15,0,96,241,2,129,3927,1337,357
346,2,7,2017/07/18 17:16:19,0,96,286,2,135,14978,7158,1081
347,2,7,2017/07/18 17:16:23,0,95,229,2,93,10734,5931,1020
348,2,7,2017/07/18 17:16:27,0,96,332,2,163,11406,6753,849
349,2,7,2017/07/18 17:16:31,0,96,342,3,220,8588,6858,873
350,2,7,2017/07/18 17:16:34,0,96,381,2,257,4684,2069,391
351,2,7,2017/07/18 17:16:38,0,91,185,2,68,2472,2932,219
352,2,7,2017/07/18 17:16:42,0,96,495,3,376,5043,4081,633
353,2,10,2017/07/18 18:01:33,0,96,317,2,184,8624,3535,647
354,2,10,2017/07/18 18:01:37,0,77,263,2,152,4320,1871,517
355,2,10,2017/07/18 18:01:44,0,96,247,2,73,24999,18555,1296
356,2,10,2017/07/18 18:01:48,0,95,363,3,188,21291,6332,909
357,2,10,2017/07/18 18:01:56,0,95,336,2,208,5051,2636,613
358,2,10,2017/07/18 18:02:00,0,95,264,2,117,17915,3695,740
359,2,10,2017/07/18 18:02:04,0,96,336,2,184,9159,5276,798
360,2,10,2017/07/18 18:02:07,0,95,320,2,155,20723,12488,943
361,2,10,2017/07/18 18:02:11,0,96,240,2,120,6360,2539,688
362,2,10,2017/07/18 18:02:15,0,96,298,2,128,28085,12568,1121
363,2,10,2017/07/18 18:02:19,0,96,275,2,115,21148,9579,1063
364,2,10,2017/07/18 18:02:23,0,95,277,2,127,17716,5881,839
365,2,10,2017/07/18 18:02:26,0,96,310,2,177,13331,6048,790
366,2,10,2017/07/18 18:02:30,0,96,264,2,112,13070,8244,911
367,2,10,2017/07/18 18:02:34,0,96,426,4,299,22260,9891,878
368,2,10,2017/07/18 18:02:38,0,95,304,2,136,24622,8632,1021
369,2,10,2017/07/18 18:02:42,0,96,245,2,85,22710,9446,977
370,2,10,2017/07/18 18:02:45,0,96,209,2,52,21888,5889,879
371,2,10,2017/07/18 18:02:49,0,96,297,2,107,27485,9856,1088
372,2,10,2017/07/18 18:02:53,0,91,301,2,167,8020,2277,627
373,2,10,2017/07/18 18:02:57,0,94,332,2,185,10074,2440,587
374,2,10,2017/07/18 18:03:01,0,95,292,2,105,28252,15338,1120
375,2,10,2017/07/18 18:03:04,0,96,271,2,124,11600,7095,821
376,2,10,2017/07/18 18:03:08,0,96,326,2,193,8543,2987,696
377,2,10,2017/07/18 18:03:12,0,96,294,2,142,17604,7696,831
378,2,10,2017/07/18 18:03:16,0,96,320,2,128,28927,21993,1235
379,2,10,2017/07/18 18:03:20,0,96,303,2,115,27908,9123,1128
380,2,10,2017/07/18 18:03:23,0,95,403,2,233,16200,4784,655
381,2,10,2017/07/18 18:03:27,0,96,200,3,95,32972,17835,1375
382,2,10,2017/07/18 18:03:31,0,96,192,2,63,29136,11563,1146
383,2,10,2017/07/18 18:03:35,0,96,499,3,370,24426,7264,890
384,2,10,2017/07/18 18:03:39,0,96,336,2,226,4086,1518,331
385,2,10,2017/07/18 18:03:43,0,96,269,2,95,26806,10042,1209
386,2,10,2017/07/18 18:03:46,0,95,285,2,138,24654,13749,1157
387,2,10,2017/07/18 18:03:50,0,96,271,2,127,13657,3137,752
388,2,10,2017/07/18 18:03:54,0,96,300,4,171,21607,10099,1036
389,2,10,2017/07/18 18:03:58,0,96,334,2,136,28061,16243,1156
390,2,10,2017/07/18 18:04:05,0,96,432,3,310,19814,7869,869
391,2,10,2017/07/18 18:04:09,0,96,465,3,343,15199,4356,725
392,2,10,2017/07/18 18:04:13,0,96,408,3,291,11719,3859,766
393,2,10,2017/07/18 18:04:17,0,96,353,2,182,20931,6220,801
394,2,10,2017/07/18 18:04:21,0,95,419,3,308,8716,3048,632
395,2,10,2017/07/18 18:04:24,0,96,332,2,187,5308,1973,599
396,2,10,2017/07/18 18:04:28,0,96,307,2,123,22949,10380,1003
397,2,10,2017/07/18 18:04:32,0,95,412,4,295,12914,3827,690
398,2,10,2017/07/18 18:04:36,0,96,375,3,262,22585,9177,979
399,2,10,2017/07/18 18:04:40,0,96,227,2,68,20837,6031,795
400,2,10,2017/07/18 18:04:44,0,96,296,2,139,18641,5207,877
401,2,10,2017/07/18 18:04:47,0,96,187,2,60,8931,2870,432
402,2,10,2017/07/18 18:04:51,0,95,603,2,470,14497,3126,622
403,2,10,2017/07/18 18:04:55,0,95,420,3,298,23628,4179,802
404,2,10,2017/07/18 18:04:59,0,96,442,4,273,16194,4923,709
405,2,10,2017/07/18 18:05:03,0,96,467,2,68,5248,1710,412
406,2,10,2017/07/18 18:05:06,0,96,306,2,138,23346,9206,1072
407,2,10,2017/07/18 18:05:10,0,95,264,2,119,13741,8724,965
408,2,10,2017/07/18 18:05:14,0,96,296,2,128,30462,16987,1251
409,2,10,2017/07/18 18:05:18,0,96,376,2,222,10542,2281,536
410,2,10,2017/07/18 18:05:22,0,96,292,2,175,4813,3289,490
411,2,10,2017/07/18 18:05:25,0,96,163,2,95,11518,2110,503
412,2,10,2017/07/18 18:05:29,0,95,450,3,332,14539,4070,630
413,2,10,2017/07/18 18:05:33,0,95,374,3,195,23470,7381,981
414,2,10,2017/07/18 18:05:37,0,96,180,2,22,26912,10611,894
415,2,10,2017/07/18 18:05:41,0,96,186,2,57,21692,6408,1003
416,2,10,2017/07/18 18:05:44,0,95,268,2,87,26086,14027,1208
417,2,10,2017/07/18 18:05:48,0,96,308,2,142,25767,9891,1073
418,2,10,2017/07/18 18:05:52,0,96,276,2,101,17837,8851,1041
419,2,10,2017/07/18 18:06:00,0,95,324,2,152,29738,13888,1178
420,2,10,2017/07/18 18:06:03,0,96,248,2,132,3379,1884,310
421,2,7,2017/07/19 10:00:50,0,95,266,2,132,7770,4325,834
422,2,7,2017/07/19 10:00:54,0,94,283,2,172,2394,1953,287
423,2,7,2017/07/19 10:00:58,0,95,309,2,183,5547,2565,486
424,2,7,2017/07/19 10:01:02,0,96,371,3,253,9163,4160,924
425,2,7,2017/07/19 10:01:06,0,95,325,2,178,6797,3514,802
426,2,7,2017/07/19 10:01:09,0,96,281,2,144,3799,2153,602
427,2,7,2017/07/19 10:01:13,0,96,417,2,306,5618,2562,711
428,2,7,2017/07/19 10:01:17,0,95,419,2,295,4783,2820,700
429,2,7,2017/07/19 10:01:21,0,95,167,2,45,3596,987,250
430,2,7,2017/07/19 10:01:25,0,95,305,2,146,8968,5802,909
431,2,7,2017/07/19 10:01:28,0,93,239,2,79,9673,5766,890
432,2,7,2017/07/19 10:01:32,0,96,228,2,78,14819,5767,920
433,2,7,2017/07/19 10:01:36,0,96,303,2,145,9104,4813,853
434,2,7,2017/07/19 10:01:40,0,95,284,2,166,2915,2245,283
435,2,7,2017/07/19 10:01:44,0,96,320,2,158,6859,3525,645
436,2,7,2017/07/19 10:01:48,0,95,320,2,156,10363,5892,947
437,2,7,2017/07/19 10:01:51,0,95,333,2,199,7541,2840,704
438,2,7,2017/07/19 10:01:55,0,96,397,4,276,5287,4451,652
439,2,7,2017/07/19 10:01:59,0,96,281,2,133,9232,4981,823
440,2,7,2017/07/19 10:02:03,0,95,440,2,315,4901,2943,700
441,2,7,2017/07/19 10:02:07,0,91,449,3,319,3535,3462,640
442,2,7,2017/07/19 10:02:10,0,96,274,2,121,9566,7245,883
443,2,7,2017/07/19 10:02:14,0,95,236,2,93,14874,6768,987
444,2,7,2017/07/19 10:02:18,0,96,368,3,225,7225,4072,872
445,2,7,2017/07/19 10:02:22,0,95,299,2,148,5289,4270,662
446,2,7,2017/07/19 10:02:29,0,96,275,2,155,5015,2854,722
447,2,7,2017/07/19 10:02:33,0,95,389,2,242,5921,2755,605
448,2,7,2017/07/19 10:02:37,0,96,266,2,121,7743,6758,928
449,2,7,2017/07/19 10:02:41,0,96,350,2,199,6977,3097,715
450,2,7,2017/07/19 10:02:45,0,96,261,2,126,11225,5295,867
451,2,7,2017/07/19 10:02:48,0,95,364,4,249,4154,5001,837
452,2,7,2017/07/19 10:02:52,0,95,289,2,167,4164,2108,441
453,2,7,2017/07/19 10:02:56,0,93,213,2,103,3211,2432,287
454,2,7,2017/07/19 10:03:00,0,93,320,2,186,5890,7562,795
455,2,7,2017/07/19 10:03:04,0,93,289,2,132,5753,3592,633
456,2,7,2017/07/19 10:03:08,0,95,281,2,152,6171,3163,640
457,2,7,2017/07/19 10:03:11,0,95,284,2,116,6662,5031,729
458,2,7,2017/07/19 10:03:15,0,94,281,2,143,6573,3632,776
459,2,7,2017/07/19 10:03:19,0,93,365,4,252,4018,3569,553
460,2,7,2017/07/19 10:03:23,0,94,410,3,293,6901,3771,684
461,2,7,2017/07/19 10:03:27,0,95,389,2,229,4531,2495,774
462,2,7,2017/07/19 10:03:30,0,96,301,2,149,5714,2546,675
463,2,7,2017/07/19 10:03:34,0,96,535,2,419,4399,2737,613
464,2,7,2017/07/19 10:03:38,0,96,301,2,124,5808,6998,783
465,2,7,2017/07/19 10:03:46,0,96,297,2,128,9515,2786,758
466,2,7,2017/07/19 10:03:49,0,96,292,2,148,9995,3898,753
467,2,7,2017/07/19 10:03:53,0,95,264,2,122,5910,4025,801
468,2,7,2017/07/19 10:03:57,0,94,292,2,121,6599,4245,744
469,2,7,2017/07/19 10:04:01,0,94,279,2,166,2307,1343,119
470,2,7,2017/07/19 10:04:05,0,93,371,3,234,6389,4971,807
471,2,7,2017/07/19 10:04:08,0,96,387,4,267,6811,5602,856
472,2,7,2017/07/19 10:04:16,0,96,236,2,100,15321,7063,1004
473,2,7,2017/07/19 10:04:20,0,96,283,2,154,7255,3449,699
474,2,7,2017/07/19 10:04:24,0,96,342,3,202,10824,5524,957
475,2,7,2017/07/19 10:04:28,0,96,247,2,96,12310,3272,695
476,2,7,2017/07/19 10:04:31,0,95,345,3,203,8489,3137,731
477,2,7,2017/07/19 10:04:35,0,95,456,3,334,5638,3738,760
478,2,7,2017/07/19 10:04:39,0,96,208,2,94,4073,2799,595
479,2,7,2017/07/19 10:04:43,0,95,220,2,85,6166,3709,807
480,2,7,2017/07/19 10:04:47,0,96,211,2,85,7802,3686,764
481,2,7,2017/07/19 10:04:50,0,95,198,2,83,4909,2836,566
482,2,7,2017/07/19 10:04:54,0,96,213,2,92,6698,3007,747
483,2,7,2017/07/19 10:04:58,0,96,262,2,132,5373,2436,600
484,2,7,2017/07/19 10:05:02,0,96,265,2,127,6522,4070,800
485,2,7,2017/07/19 10:05:06,0,94,252,2,122,5400,4322,830
486,2,7,2017/07/19 10:05:09,0,95,299,2,175,3422,1828,441
487,2,7,2017/07/19 10:05:13,0,96,284,2,137,5122,3793,599
488,2,7,2017/07/19 10:05:17,0,96,370,2,216,7895,3438,803
489,2,7,2017/07/19 10:05:21,0,95,465,2,347,3288,4461,702
490,2,7,2017/07/19 10:05:25,0,85,272,2,167,2582,2091,316
491,2,7,2017/07/19 10:05:28,0,96,239,2,93,12788,7952,1044
492,2,7,2017/07/19 10:05:32,0,95,236,2,101,4747,3922,611
493,2,7,2017/07/19 10:05:36,0,96,279,2,111,8804,3647,755
494,2,7,2017/07/19 10:05:40,0,96,285,2,147,4724,3680,681
495,2,7,2017/07/19 10:05:44,0,95,271,2,134,7757,3142,805
496,2,7,2017/07/19 10:05:48,0,96,262,2,111,9535,11408,925
497,2,7,2017/07/19 10:05:51,0,96,243,2,89,14957,5466,992
498,2,7,2017/07/19 10:05:55,0,96,313,2,166,12320,7761,1060
499,2,7,2017/07/19 10:05:59,0,96,300,2,163,10127,5585,979
500,2,7,2017/07/19 10:06:03,0,95,290,2,140,7600,6477,843
501,2,7,2017/07/19 10:06:07,0,96,296,2,144,9744,7162,887
502,2,7,2017/07/19 10:06:10,0,95,233,2,97,5829,2763,666
503,2,7,2017/07/19 10:06:14,0,95,344,2,184,8863,2698,774
504,2,7,2017/07/19 10:06:18,0,96,345,2,188,5276,4241,808
505,2,7,2017/07/19 10:06:22,0,95,327,2,196,5536,2524,674
506,2,7,2017/07/19 10:06:26,0,96,357,3,214,6644,5570,944
507,2,7,2017/07/19 10:06:29,0,95,229,2,105,8599,3857,850
508,2,7,2017/07/19 10:06:33,0,96,259,2,125,8314,3225,715
509,2,7,2017/07/19 10:06:37,0,96,264,2,110,13258,6047,962
510,2,7,2017/07/19 10:06:41,0,95,306,2,162,9067,2654,771
511,2,7,2017/07/19 10:06:45,0,95,329,2,210,6642,3728,660
512,2,7,2017/07/19 10:06:48,0,93,302,2,147,5382,5605,743
513,2,7,2017/07/19 10:06:52,0,96,604,2,463,14036,6367,1056
514,2,7,2017/07/19 10:06:56,0,96,235,2,111,6301,3067,761
515,2,7,2017/07/19 10:07:00,0,95,280,2,124,10138,6269,932
516,2,7,2017/07/19 10:07:04,0,95,286,2,153,5965,3592,765
517,2,7,2017/07/19 10:07:08,0,96,293,2,144,10584,3927,815
518,2,7,2017/07/19 10:07:11,0,96,283,2,142,6875,3534,694
519,2,7,2017/07/19 10:07:15,0,95,313,2,158,4859,3694,692
520,2,7,2017/07/19 10:07:19,0,96,297,2,122,8734,6258,950
521,2,7,2017/07/19 10:07:23,0,96,317,2,160,7026,6186,839
522,2,7,2017/07/19 10:07:27,0,94,352,2,194,4110,3381,716
523,2,7,2017/07/19 10:07:30,0,94,509,2,107,2889,2112,309
524,2,7,2017/07/19 10:07:34,0,93,313,2,161,7044,3557,753
525,2,7,2017/07/19 10:07:38,0,96,269,2,137,7708,4084,814
526,2,7,2017/07/19 10:07:42,0,96,337,2,187,7422,2897,828
527,2,7,2017/07/19 10:07:46,0,95,279,2,149,5369,2684,734
528,2,7,2017/07/19 10:07:49,0,96,250,2,102,12238,7245,988
529,2,7,2017/07/19 10:07:53,0,95,259,2,120,13358,6535,1148
530,2,7,2017/07/19 10:07:57,0,94,245,2,114,4253,2814,727
531,2,7,2017/07/19 10:08:01,0,96,258,2,133,4714,1889,549
532,2,7,2017/07/19 10:08:05,0,96,445,2,321,8287,2902,695
533,2,7,2017/07/19 10:08:08,0,95,368,4,235,4152,4055,417
534,2,7,2017/07/19 10:08:12,0,96,306,2,144,9362,5140,687
535,2,7,2017/07/19 10:08:16,0,95,428,2,62,3024,3146,412
536,2,7,2017/07/19 10:08:20,0,95,297,2,180,4380,2546,419
537,2,7,2017/07/19 10:08:24,0,95,281,2,158,5297,2528,643
538,2,7,2017/07/19 10:08:27,0,96,321,2,177,14374,4482,867
539,2,7,2017/07/19 10:08:31,0,95,231,2,91,14088,7944,1089
540,2,7,2017/07/19 10:08:35,0,96,304,2,162,15530,7237,1038
541,2,7,2017/07/19 10:08:39,0,93,290,2,142,4997,6083,755
542,2,7,2017/07/19 10:08:43,0,95,240,2,101,3564,1947,360
543,2,7,2017/07/19 10:08:47,0,96,384,2,204,12705,6758,927
544,2,7,2017/07/19 10:08:50,0,95,333,2,196,5150,2320,723
545,2,7,2017/07/19 10:08:54,0,96,252,2,106,11781,7070,973
546,2,7,2017/07/19 10:08:58,0,96,272,2,145,5177,2765,502
547,2,7,2017/07/19 10:09:02,0,96,277,2,125,5107,6488,708
548,2,7,2017/07/19 10:09:06,0,96,272,2,139,8459,2989,709
549,2,7,2017/07/19 10:09:09,0,96,254,2,123,9649,3632,703
550,2,7,2017/07/19 10:09:13,0,94,222,2,103,3243,1386,353
551,2,7,2017/07/19 10:09:17,0,95,296,2,135,9841,5920,819
552,2,7,2017/07/19 10:09:21,0,96,275,2,134,10221,6597,969
553,2,7,2017/07/19 10:09:25,0,95,323,2,183,6719,6386,829
554,2,7,2017/07/19 10:09:28,0,95,331,2,175,6012,3324,813
555,2,7,2017/07/19 10:09:32,0,95,291,2,142,7182,4605,873
556,2,7,2017/07/19 10:09:36,0,96,244,2,92,13654,4521,854
557,2,7,2017/07/19 10:09:40,0,96,284,2,124,9428,5845,869
558,2,7,2017/07/19 10:09:44,0,95,291,2,162,3049,1116,136
559,2,7,2017/07/19 10:09:47,0,96,361,2,207,6481,2826,712
560,2,7,2017/07/19 10:09:51,0,96,378,3,265,5931,5699,637
561,2,7,2017/07/19 10:09:55,0,96,296,2,170,8416,3948,898
562,2,7,2017/07/19 10:09:59,0,96,299,2,144,8958,6365,861
563,2,7,2017/07/19 10:10:03,0,94,238,2,87,4684,5209,754
564,2,7,2017/07/19 10:10:06,0,96,248,2,91,6940,2186,612
565,2,7,2017/07/19 10:10:10,0,96,259,2,112,11183,4369,917
566,2,7,2017/07/19 10:10:14,0,95,308,2,188,6438,2153,450
567,2,7,2017/07/19 10:10:18,0,96,344,3,203,9496,4339,823
568,2,7,2017/07/19 10:10:22,0,96,236,2,115,4321,2315,407
569,2,7,2017/07/19 10:10:26,0,96,264,2,123,8836,3067,730
570,2,9,2017/07/19 11:31:19,0,69,274,2,154,9319,1989,566
571,2,9,2017/07/19 11:31:23,0,70,281,2,160,11583,3477,676
572,2,9,2017/07/19 11:31:27,0,95,374,2,259,5488,1343,330
573,2,9,2017/07/19 11:31:31,0,96,287,2,139,10117,5364,967
574,2,9,2017/07/19 11:31:42,0,96,559,3,436,20630,4198,923
575,2,9,2017/07/19 11:31:50,0,91,239,2,101,12057,2828,724
576,2,9,2017/07/19 11:32:05,0,96,339,2,207,4441,2393,518
577,2,9,2017/07/19 11:32:32,0,96,258,2,145,5265,1862,373
578,2,9,2017/07/19 11:32:35,0,96,280,2,125,18286,7719,985
579,2,9,2017/07/19 11:32:43,0,96,381,3,260,10316,2350,645
580,2,9,2017/07/19 11:33:52,0,96,393,2,218,15899,3831,843
581,2,9,2017/07/19 11:34:41,0,96,324,2,159,17943,4918,785
582,2,9,2017/07/19 11:34:45,0,89,270,2,155,4660,2994,262
583,2,9,2017/07/19 11:34:56,0,96,388,2,227,24721,5727,878
584,2,9,2017/07/19 11:35:12,0,80,255,2,127,10389,2074,574
585,2,9,2017/07/19 11:35:27,0,96,281,2,116,9301,4390,781
586,2,9,2017/07/19 11:35:31,0,95,307,2,131,8218,2992,644
587,2,9,2017/07/19 11:35:54,0,82,236,2,110,9739,2300,647
588,2,9,2017/07/19 11:36:43,0,96,390,2,217,20943,5013,776
589,2,9,2017/07/19 11:37:25,0,73,254,2,137,8097,2166,522
590,2,9,2017/07/19 11:37:29,0,95,188,2,101,23817,2875,673
591,2,9,2017/07/19 11:37:33,0,96,180,2,60,16565,3536,723
592,2,9,2017/07/19 11:37:40,0,96,417,2,298,15160,2762,673
593,2,9,2017/07/19 11:37:44,0,96,304,2,142,17291,2615,675
594,2,9,2017/07/19 11:38:07,0,80,300,2,186,5867,2360,411
595,2,9,2017/07/19 11:38:22,0,96,237,2,113,6949,2529,531
596,2,9,2017/07/19 11:38:34,0,95,289,2,159,4911,2182,608
597,2,9,2017/07/19 11:38:37,0,96,309,2,132,6837,3013,673
598,2,9,2017/07/19 11:39:00,0,91,218,2,104,4040,2783,452
599,2,9,2017/07/19 11:39:04,0,95,200,2,73,3494,1264,454
600,2,9,2017/07/19 11:40:05,0,96,272,3,129,18658,3610,746
601,2,9,2017/07/19 11:40:28,0,96,283,2,139,5878,3293,681
602,2,9,2017/07/19 11:40:39,0,96,303,3,179,3933,1643,462
603,2,9,2017/07/19 11:40:43,0,81,248,2,135,6035,1744,423
604,2,9,2017/07/19 11:40:58,0,95,300,2,161,5424,2621,677
605,2,9,2017/07/19 11:41:17,0,96,278,2,121,13452,4587,715
606,2,10,2017/07/19 13:00:33,0,96,252,2,112,13522,4058,651
607,2,10,2017/07/19 13:00:36,0,85,275,2,119,18222,7260,880
608,2,10,2017/07/19 13:00:40,0,96,249,2,103,14990,11354,860
609,2,10,2017/07/19 13:00:44,0,84,247,2,104,13918,3878,710
610,2,10,2017/07/19 13:00:48,0,96,305,2,147,17676,4816,778
611,2,10,2017/07/19 13:00:52,0,96,522,3,397,17163,6687,814
612,2,10,2017/07/19 13:00:55,0,96,306,2,130,18304,10397,894
613,2,10,2017/07/19 13:00:59,0,84,308,2,139,23144,9931,884
614,2,10,2017/07/19 13:01:03,0,96,244,2,99,20827,10593,933
615,2,10,2017/07/19 13:01:07,0,95,277,2,105,28460,15065,1089
616,2,10,2017/07/19 13:01:11,0,96,262,2,114,22996,10716,1050
617,2,10,2017/07/19 13:01:14,0,96,286,2,131,20397,10167,933
618,2,10,2017/07/19 13:01:18,0,96,287,2,130,19314,8562,937
619,2,10,2017/07/19 13:01:22,0,96,284,2,147,12010,7309,720
620,2,10,2017/07/19 13:01:26,0,80,346,2,198,21407,14807,944
621,2,10,2017/07/19 13:01:30,0,96,234,2,108,8775,2203,524
622,2,10,2017/07/19 13:01:33,0,96,291,2,140,27476,17397,1046
623,2,10,2017/07/19 13:01:37,0,95,220,2,90,12029,5226,791
624,2,10,2017/07/19 13:01:41,0,95,208,3,60,17104,9354,814
625,2,10,2017/07/19 13:01:45,0,96,231,2,105,21851,6353,793
626,2,10,2017/07/19 13:01:49,0,96,372,2,208,18928,6940,796
627,2,10,2017/07/19 13:01:53,0,96,326,2,176,9662,1915,554
628,2,10,2017/07/19 13:01:56,0,96,251,2,105,24251,14935,1043
629,2,10,2017/07/19 13:02:00,0,85,277,2,118,19184,7306,784
630,2,10,2017/07/19 13:02:04,0,96,483,2,331,25524,11588,865
631,2,10,2017/07/19 13:02:08,0,96,237,2,103,10833,5049,713
632,2,10,2017/07/19 13:02:12,0,96,285,2,127,28479,26358,1159
633,2,10,2017/07/19 13:02:15,0,96,403,4,276,26919,10847,1046
634,2,10,2017/07/19 13:02:19,0,96,376,4,274,22491,12744,902
635,2,10,2017/07/19 13:02:23,0,95,479,2,315,5854,1739,330
636,2,10,2017/07/19 13:02:27,0,95,281,2,129,27447,13608,1150
637,2,10,2017/07/19 13:02:31,0,95,279,2,173,5780,2618,536
638,2,10,2017/07/19 13:02:38,0,96,301,2,168,4587,1680,414
639,2,10,2017/07/19 13:02:42,0,96,301,2,158,30091,17063,1198
640,2,10,2017/07/19 13:02:46,0,94,181,2,44,14738,6455,634
641,2,10,2017/07/19 13:02:50,0,95,288,2,105,26124,13858,1101
642,2,10,2017/07/19 13:02:53,0,96,310,2,128,17900,6351,909
643,2,10,2017/07/19 13:02:57,0,83,368,2,192,34124,21772,1329
644,2,10,2017/07/19 13:03:01,0,96,256,2,114,12964,2633,695
645,2,10,2017/07/19 13:03:05,0,96,272,2,124,21263,11524,884
646,2,10,2017/07/19 13:03:09,0,96,254,2,115,18078,8065,873
647,2,10,2017/07/19 13:03:13,0,96,266,2,128,13872,14068,821
648,2,10,2017/07/19 13:03:16,0,96,323,2,148,26855,12085,1077
649,2,10,2017/07/19 13:03:20,0,96,330,2,146,20914,16388,1000
650,2,10,2017/07/19 13:03:24,0,96,295,2,145,15442,6940,849
651,2,10,2017/07/19 13:03:28,0,96,338,2,134,25778,10877,955
652,2,10,2017/07/19 13:03:32,0,96,289,2,147,9542,3471,605
653,2,9,2017/07/20 14:40:31,0,85,224,2,94,11767,5313,965
654,2,9,2017/07/20 14:40:35,0,96,257,4,152,7020,2405,642
655,2,9,2017/07/20 14:40:39,0,96,298,2,138,17165,5693,1041
656,2,9,2017/07/20 14:40:43,0,96,254,2,98,18162,5006,1012
657,2,9,2017/07/20 14:40:47,0,82,218,2,93,8828,3284,765
658,2,9,2017/07/20 14:40:50,0,95,269,2,112,21079,4392,918
659,2,9,2017/07/20 14:40:54,0,95,325,2,220,4288,1336,286
660,2,9,2017/07/20 14:40:58,0,95,209,2,81,30726,6064,948
661,2,9,2017/07/20 14:41:02,0,95,212,2,76,30739,9076,1137
662,2,9,2017/07/20 14:41:06,0,96,444,3,316,18784,6220,1001
663,2,9,2017/07/20 14:41:09,0,96,383,2,222,3675,1388,338
664,2,9,2017/07/20 14:41:13,0,97,119,2,8,3957,953,181
665,2,9,2017/07/20 14:41:17,0,95,291,2,130,19984,6109,1033
666,2,9,2017/07/20 14:41:21,0,73,268,2,145,8812,2803,669
667,2,9,2017/07/20 14:41:25,0,94,227,2,116,4458,1558,233
668,2,9,2017/07/20 14:41:28,0,91,349,2,189,17832,4407,932
669,2,9,2017/07/20 14:41:32,0,95,107,2,11,2116,1030,299
670,2,9,2017/07/20 14:41:36,0,77,253,2,123,12229,3408,875
671,2,9,2017/07/20 14:41:40,0,96,257,2,102,16217,5176,1057
672,2,9,2017/07/20 14:41:44,0,95,281,2,118,21920,7322,1134
673,2,9,2017/07/20 14:41:47,0,96,357,2,198,5873,1978,572
674,2,9,2017/07/20 14:41:51,0,96,463,3,337,16526,4017,917
675,2,9,2017/07/20 14:41:55,0,64,411,2,273,13541,2997,735
676,2,9,2017/07/20 14:41:59,0,93,305,2,148,15282,5336,894
677,2,9,2017/07/20 14:42:03,0,78,259,2,137,9681,2754,591
678,2,9,2017/07/20 14:42:07,0,96,271,2,117,12183,6413,1138
679,2,9,2017/07/20 14:42:10,0,96,300,2,137,19135,4458,951
680,2,9,2017/07/20 14:42:14,0,58,358,2,213,20441,5299,1084
681,2,9,2017/07/20 14:42:18,0,96,261,2,132,17403,4320,1041
682,2,9,2017/07/20 14:42:22,0,96,279,2,153,16747,3065,760
683,2,9,2017/07/20 14:42:26,0,96,261,2,135,6275,2363,588
684,2,9,2017/07/20 14:42:29,0,59,351,2,209,17271,5121,883
685,2,9,2017/07/20 14:42:33,0,96,296,2,154,8324,3887,776
686,2,9,2017/07/20 14:42:37,0,96,328,2,165,9573,2444,713
687,2,9,2017/07/20 14:42:41,0,96,311,2,161,6356,2806,648
688,2,9,2017/07/20 14:42:45,0,96,225,2,104,12731,4840,898
689,2,9,2017/07/20 14:42:48,0,96,253,2,98,17729,5558,918
690,2,9,2017/07/20 14:42:52,0,95,263,2,93,13470,6558,1004
691,2,9,2017/07/20 14:42:56,0,96,297,2,133,26890,6577,1011
692,2,9,2017/07/20 14:43:00,0,96,255,2,110,13302,10003,1318
693,2,9,2017/07/20 14:43:04,0,95,295,2,130,22242,5292,978
694,2,9,2017/07/20 14:43:07,0,96,263,2,118,9750,3427,767
695,2,9,2017/07/20 14:43:11,0,91,328,2,170,15735,3085,813
696,2,9,2017/07/20 14:43:15,0,61,331,2,210,6672,1837,401
697,2,9,2017/07/20 14:43:19,0,96,275,2,104,13005,5217,1080
698,2,9,2017/07/20 14:43:23,0,95,309,2,167,5706,2726,635
699,2,9,2017/07/20 14:43:26,0,96,296,2,127,20109,5255,900
700,2,9,2017/07/20 14:43:30,0,96,269,2,155,6068,1977,381
701,2,9,2017/07/20 14:43:34,0,90,247,2,105,13532,3139,815
702,2,9,2017/07/20 14:43:38,0,96,300,2,155,19649,7744,1047
703,2,9,2017/07/20 14:43:42,0,95,265,2,132,8594,4068,723
704,2,9,2017/07/20 14:43:46,0,96,436,3,310,22394,6892,1099
705,2,9,2017/07/20 14:43:49,0,95,537,3,409,20140,5941,985
706,2,9,2017/07/20 14:43:53,0,96,382,2,197,20959,5271,914
707,2,9,2017/07/20 14:43:57,0,96,221,2,97,10517,5255,958
708,2,9,2017/07/20 14:44:01,0,96,352,2,177,22162,5704,999
709,2,9,2017/07/20 14:44:05,0,96,206,2,63,8545,2785,713
710,2,9,2017/07/20 14:44:08,0,96,226,2,101,9052,3199,923
711,2,9,2017/07/20 14:44:12,0,96,277,4,130,17314,5149,939
712,2,9,2017/07/20 14:44:16,0,96,357,2,178,24309,6329,1069
713,2,9,2017/07/20 14:44:20,0,96,302,2,139,16898,6301,995
714,2,9,2017/07/20 14:44:24,0,83,212,2,88,9729,3191,723
715,2,9,2017/07/20 14:44:27,0,96,285,2,112,17437,4569,905
716,2,9,2017/07/20 14:44:35,0,96,259,2,130,6250,2049,645
717,2,9,2017/07/20 14:44:39,0,96,268,2,138,7959,3932,848
718,2,9,2017/07/20 14:44:43,0,96,370,2,196,16281,4087,855
719,2,9,2017/07/20 14:44:46,0,96,248,4,141,11564,6177,879
720,2,9,2017/07/20 14:44:50,0,96,271,4,146,5864,1623,516
721,2,9,2017/07/20 14:44:54,0,96,189,2,60,22759,9874,1065
722,2,9,2017/07/20 14:44:58,0,96,278,2,105,16762,8883,1057
723,2,9,2017/07/20 14:45:02,0,68,277,2,155,10906,2186,657
724,2,9,2017/07/20 14:45:06,0,96,325,2,153,20268,5126,979
725,2,9,2017/07/20 14:45:09,0,96,230,2,97,11546,5852,962
726,2,9,2017/07/20 14:45:13,0,96,283,2,165,4083,2307,299
727,2,9,2017/07/20 14:45:17,0,96,292,2,158,4269,1607,404
728,2,9,2017/07/20 14:45:21,0,92,225,2,87,12190,3786,901
729,2,9,2017/07/20 14:45:25,0,75,263,2,144,8951,3452,587
730,2,9,2017/07/20 14:45:30,0,96,282,2,148,8681,4264,793
731,2,9,2017/07/20 14:45:32,0,96,259,2,127,9721,4400,894
732,2,9,2017/07/20 14:45:36,0,96,419,3,293,12086,2832,758
733,2,9,2017/07/20 14:45:40,0,96,244,2,99,24389,8162,1156
734,2,9,2017/07/20 14:45:44,0,95,251,2,111,14450,2577,629
735,2,9,2017/07/20 14:45:47,0,96,250,2,112,10202,4652,931
736,2,9,2017/07/20 14:45:51,0,69,334,2,212,8027,1869,396
737,2,9,2017/07/20 14:45:55,0,96,341,2,137,8176,3543,824
738,2,9,2017/07/20 14:45:59,0,65,307,2,180,11695,2967,676
739,2,9,2017/07/20 14:46:03,0,96,315,2,142,21214,12142,1075
740,2,10,2017/07/20 16:10:55,0,96,263,2,125,13105,4659,842
741,2,10,2017/07/20 16:10:58,0,96,262,2,110,14372,8311,964
742,2,10,2017/07/20 16:11:02,0,94,338,2,181,22473,18209,1134
743,2,10,2017/07/20 16:11:06,0,96,287,2,137,13476,4156,688
744,2,10,2017/07/20 16:11:10,0,95,285,2,112,29310,18467,1375
745,2,10,2017/07/20 16:11:14,0,96,312,2,172,8534,2797,682
746,2,10,2017/07/20 16:11:17,0,96,325,2,176,9895,6527,769
747,2,10,2017/07/20 16:11:21,0,96,281,2,118,27762,19931,1266
748,2,10,2017/07/20 16:11:25,0,96,268,2,98,27669,18139,1401
749,2,10,2017/07/20 16:11:29,0,96,336,2,154,24695,8661,1108
750,2,10,2017/07/20 16:11:33,0,95,279,2,172,2894,1451,202
751,2,10,2017/07/20 16:11:36,0,96,322,2,147,15733,6051,799
752,2,10,2017/07/20 16:11:40,0,96,355,2,192,27593,12250,982
753,2,10,2017/07/20 16:11:44,0,96,312,2,177,7005,2363,591
754,2,10,2017/07/20 16:11:48,0,96,179,2,67,6660,2406,595
755,2,10,2017/07/20 16:11:52,0,96,289,2,149,7207,1839,517
756,2,10,2017/07/20 16:11:56,0,96,279,2,122,23056,13085,1272
757,2,10,2017/07/20 16:11:59,0,96,287,2,112,28491,12252,1343
758,2,10,2017/07/20 16:12:03,0,96,339,2,139,27750,16963,1314
759,2,10,2017/07/20 16:12:11,0,96,290,2,121,25218,10327,1030
760,2,10,2017/07/20 16:12:15,0,96,292,2,144,26602,13924,1124
761,2,10,2017/07/20 16:12:18,0,96,355,2,168,23337,11334,1088
762,2,10,2017/07/20 16:12:26,0,96,224,2,71,15144,8076,976
763,2,10,2017/07/20 16:12:30,0,96,317,2,137,24070,11969,1118
764,2,10,2017/07/20 16:12:34,0,95,319,2,121,26312,12985,1197
765,2,10,2017/07/20 16:12:37,0,96,286,2,115,28588,12905,1186
766,2,10,2017/07/20 16:12:41,0,95,434,3,291,29380,16263,1152
767,2,10,2017/07/20 16:12:45,0,96,384,2,216,27943,15541,1104
768,2,10,2017/07/20 16:12:49,0,95,309,2,173,13106,5514,826
769,2,10,2017/07/20 16:12:53,0,95,277,2,125,16928,7736,875
770,2,10,2017/07/20 16:12:56,0,96,345,2,167,21207,12245,1029
771,2,10,2017/07/20 16:13:00,0,96,309,2,140,15906,5187,798
772,2,10,2017/07/20 16:13:04,0,96,299,2,155,10308,3870,677
773,2,10,2017/07/20 16:13:08,0,65,365,2,262,2079,1602,236
774,2,10,2017/07/20 16:13:12,0,96,292,2,144,17820,3964,642
775,2,10,2017/07/20 16:13:19,0,96,364,2,231,4216,2374,421
776,2,10,2017/07/20 16:13:23,0,95,330,2,200,9134,4071,690
777,2,10,2017/07/20 16:13:27,0,95,220,2,54,20506,6378,876
778,2,10,2017/07/20 16:13:35,0,96,344,2,160,26752,17072,1140
779,2,10,2017/07/20 16:13:38,0,96,465,2,281,27643,9670,955
780,2,10,2017/07/20 16:13:42,0,74,270,2,155,6585,2278,327
781,2,10,2017/07/20 16:13:46,0,96,257,2,115,18816,13787,965
782,2,10,2017/07/20 16:13:50,0,95,365,2,178,25872,12861,1053
783,2,10,2017/07/20 16:13:54,0,96,397,4,261,26123,8764,932
784,2,10,2017/07/20 16:13:58,0,96,269,2,131,12885,3930,687
785,2,10,2017/07/20 16:14:01,0,96,263,2,112,13886,7072,833
786,2,10,2017/07/20 16:14:05,0,96,294,2,105,24800,10922,1086
787,2,10,2017/07/20 16:14:09,0,96,201,3,54,17092,8474,908
788,2,10,2017/07/20 16:14:13,0,96,251,2,121,7537,2289,528
789,2,10,2017/07/20 16:14:17,0,96,370,4,239,27845,14433,1079
790,2,10,2017/07/20 16:14:20,0,95,286,2,153,7722,2299,655
791,2,10,2017/07/20 16:14:24,0,96,300,2,127,23391,7874,911
792,2,10,2017/07/20 16:14:28,0,96,287,2,129,13894,4956,749
793,2,10,2017/07/20 16:14:32,0,96,310,2,137,18093,8816,871
794,2,10,2017/07/20 16:14:36,0,96,301,2,121,32007,16688,1328
795,2,10,2017/07/20 16:14:39,0,96,339,2,180,12023,3132,632
796,2,10,2017/07/20 16:14:43,0,96,333,2,153,22865,11730,999
797,2,10,2017/07/20 16:14:51,0,96,307,2,130,27579,10265,1078
798,2,10,2017/07/20 16:14:55,0,96,277,2,127,20699,9343,939
799,2,10,2017/07/20 16:14:58,0,96,272,2,123,15445,6904,836
800,2,10,2017/07/20 16:15:02,0,96,372,3,241,15303,4020,777
801,2,10,2017/07/20 16:15:06,0,96,336,2,172,16392,2913,642
802,2,10,2017/07/20 16:15:10,0,96,282,2,147,8169,1915,338
803,2,10,2017/07/20 16:15:14,0,96,274,2,120,16616,5402,872
804,2,10,2017/07/20 16:15:17,0,96,267,2,125,28978,11187,1127
805,2,10,2017/07/20 16:15:21,0,96,274,2,132,17380,15311,974
806,2,10,2017/07/20 16:15:25,0,95,287,2,145,12347,4095,665
807,2,10,2017/07/20 16:15:29,0,95,240,2,98,11063,4219,743
808,2,10,2017/07/20 16:15:33,0,96,277,2,104,26159,10925,1032
809,2,10,2017/07/20 16:15:36,0,96,531,2,338,31747,18557,1275
810,2,10,2017/07/20 16:15:40,0,96,374,4,219,28668,12175,1131
811,2,10,2017/07/20 16:15:44,0,95,391,2,244,9241,2458,383
812,2,10,2017/07/20 16:15:48,0,96,327,2,121,28936,16306,1340
813,2,10,2017/07/20 16:15:52,0,96,348,2,179,16526,3841,688
814,2,10,2017/07/20 16:15:56,0,96,300,2,145,25031,11164,990
815,2,10,2017/07/20 16:15:59,0,96,290,2,115,32703,33764,1704
816,2,10,2017/07/20 16:16:03,0,96,306,2,155,15203,3574,651
817,2,10,2017/07/20 16:16:07,0,95,329,2,124,28127,15567,1188
818,2,10,2017/07/20 16:16:15,0,96,236,2,83,17750,5573,806
819,2,10,2017/07/20 16:16:18,0,96,264,2,61,31459,18617,1601
820,2,10,2017/07/20 16:16:22,0,96,281,2,110,27107,16080,1355
821,2,10,2017/07/20 16:16:26,0,96,296,2,145,10887,2474,648
822,2,10,2017/07/20 16:16:30,0,95,230,2,117,4645,1860,400
823,2,10,2017/07/20 16:16:34,0,95,298,2,160,5482,1735,336
824,2,10,2017/07/20 16:16:37,0,95,206,2,60,30022,17154,1208
825,2,10,2017/07/20 16:16:41,0,95,422,4,286,27219,14445,1049
826,2,10,2017/07/20 16:16:45,0,96,354,2,168,19500,10824,908
827,2,10,2017/07/20 16:16:49,0,96,284,2,120,20491,10878,837
828,2,10,2017/07/20 16:16:56,0,96,320,2,155,22883,13771,1047
829,2,10,2017/07/20 16:17:00,0,96,324,2,176,13961,5896,754
830,2,10,2017/07/20 16:17:04,0,67,320,2,195,8966,2659,536
831,2,10,2017/07/20 16:17:08,0,96,280,2,142,16579,11334,936
832,2,10,2017/07/20 16:17:12,0,96,314,2,154,11172,4710,667
833,2,10,2017/07/20 16:17:16,0,96,289,2,153,8598,3180,606
834,2,10,2017/07/20 16:17:19,0,96,308,2,128,28836,21844,1192
835,2,10,2017/07/20 16:17:23,0,96,405,2,218,24862,8123,811
836,2,10,2017/07/20 16:17:27,0,96,520,2,304,32732,19587,1442
837,2,7,2017/07/20 17:50:30,0,95,259,2,84,10539,3558,793
838,2,7,2017/07/20 17:50:34,0,95,267,2,117,7757,3416,697
839,2,7,2017/07/20 17:50:37,0,95,351,2,172,13370,5620,836
840,2,7,2017/07/20 17:50:41,0,95,319,2,174,10510,5738,1081
841,2,7,2017/07/20 17:50:45,0,95,264,2,137,5856,4780,886
842,2,7,2017/07/20 17:50:49,0,96,258,2,130,7178,6018,1039
843,2,7,2017/07/20 17:50:53,0,96,296,2,168,4668,2103,486
844,2,7,2017/07/20 17:50:56,0,96,355,2,223,5036,3183,855
845,2,7,2017/07/20 17:51:00,0,93,404,2,292,3714,3357,802
846,2,7,2017/07/20 17:51:04,0,95,309,2,152,6973,6144,959
847,2,7,2017/07/20 17:51:08,0,96,324,2,159,7319,6713,692
848,2,7,2017/07/20 17:51:12,0,96,258,2,84,13599,7304,952
849,2,7,2017/07/20 17:51:15,0,96,264,2,97,9079,4900,887
850,2,7,2017/07/20 17:51:19,0,96,216,2,69,7251,4317,882
851,2,7,2017/07/20 17:51:23,0,96,299,2,150,5553,3632,891
852,2,7,2017/07/20 17:51:27,0,94,273,2,117,8296,3997,960
853,2,7,2017/07/20 17:51:31,0,94,298,2,123,7926,4933,829
854,2,7,2017/07/20 17:51:35,0,96,272,2,119,13279,6767,964
855,2,7,2017/07/20 17:51:38,0,96,298,2,122,11077,4030,825
856,2,7,2017/07/20 17:51:42,0,96,340,2,189,11115,5168,896
857,2,7,2017/07/20 17:51:50,0,95,248,2,112,15515,6065,1048
858,2,7,2017/07/20 17:51:54,0,96,253,2,82,13755,7352,1031
859,2,7,2017/07/20 17:51:57,0,96,131,2,12,10921,2934,683
860,2,7,2017/07/20 17:52:01,0,96,264,2,102,14976,12152,1139
861,2,7,2017/07/20 17:52:05,0,96,351,2,203,4968,2163,489
862,2,7,2017/07/20 17:52:09,0,96,275,2,149,8171,4385,802
863,2,7,2017/07/20 17:52:13,0,96,269,3,117,6158,3976,915
864,2,7,2017/07/20 17:52:16,0,96,302,2,165,7359,5135,970
865,2,7,2017/07/20 17:52:20,0,95,333,2,200,6507,3459,786
866,2,7,2017/07/20 17:52:24,0,95,339,2,212,3055,1626,272
867,2,7,2017/07/20 17:52:28,0,96,362,4,239,10442,5199,869
868,2,7,2017/07/20 17:52:32,0,95,287,2,163,3500,1880,227
869,2,7,2017/07/20 17:52:35,0,94,285,2,134,4702,4292,866
870,2,7,2017/07/20 17:52:39,0,96,218,2,85,6878,3197,685
871,2,7,2017/07/20 17:52:43,0,96,247,2,106,7043,3550,817
872,2,7,2017/07/20 17:52:47,0,96,279,2,137,14910,6154,1000
873,2,7,2017/07/20 17:52:51,0,96,276,2,145,5441,4006,841
874,2,7,2017/07/20 17:52:55,0,96,280,2,138,7142,3166,689
875,2,7,2017/07/20 17:52:58,0,95,281,2,143,7199,4171,793
876,2,7,2017/07/20 17:53:02,0,95,401,2,282,2886,1573,205
877,2,7,2017/07/20 17:53:06,0,96,346,2,179,10054,6236,754
878,2,7,2017/07/20 17:53:10,0,96,277,2,137,6774,2785,649
879,2,7,2017/07/20 17:53:13,0,96,324,2,153,14874,8041,1187
880,2,7,2017/07/20 17:53:17,0,96,315,2,144,14092,6947,964
881,2,7,2017/07/20 17:53:21,0,95,243,2,118,5766,4106,822
882,2,7,2017/07/20 17:53:25,0,96,280,2,148,9986,6939,848
883,2,7,2017/07/20 17:53:29,0,95,412,2,257,4276,2514,316
884,2,7,2017/07/20 17:53:33,0,95,361,2,232,3896,1890,390
885,2,7,2017/07/20 17:53:36,0,96,300,2,143,12263,6901,1157
886,2,7,2017/07/20 17:53:40,0,96,311,2,145,10501,5938,985
887,2,7,2017/07/20 17:53:44,0,96,276,2,138,11280,6885,1067
888,2,7,2017/07/20 17:53:48,0,96,320,2,156,12725,7463,1017
889,2,7,2017/07/20 17:53:52,0,96,351,2,178,7659,5446,707
890,2,7,2017/07/20 17:53:55,0,96,286,2,107,9663,4973,890
891,2,7,2017/07/20 17:53:59,0,88,377,2,268,3485,1893,256
892,2,7,2017/07/20 17:54:03,0,95,545,2,417,5762,3845,695
893,2,7,2017/07/20 17:54:07,0,95,385,4,268,3977,4657,566
894,2,7,2017/07/20 17:54:11,0,96,257,2,113,7007,3226,649
895,2,7,2017/07/20 17:54:14,0,95,276,2,150,8296,3237,776
896,2,7,2017/07/20 17:54:18,0,94,287,2,133,9543,5154,943
897,2,7,2017/07/20 17:54:22,0,96,366,4,239,11623,5758,875
898,2,7,2017/07/20 17:54:26,0,95,261,2,122,7284,3516,825
899,2,7,2017/07/20 17:54:30,0,93,375,3,261,5446,5765,610
900,2,7,2017/07/20 17:54:33,0,96,339,2,151,6408,4893,929
901,2,7,2017/07/20 17:54:37,0,96,378,2,239,4210,1656,272
902,2,7,2017/07/20 17:54:41,0,95,412,2,299,3029,1794,332
903,2,7,2017/07/20 17:54:45,0,95,370,2,192,9472,6068,881
904,2,7,2017/07/20 17:54:49,0,96,446,2,326,6672,4190,857
905,2,7,2017/07/20 17:54:53,0,97,101,2,17,1395,671,122
906,2,7,2017/07/20 17:54:56,0,96,309,2,158,5633,6555,1079
907,2,7,2017/07/20 17:55:00,0,96,242,2,100,5769,3182,767
908,2,7,2017/07/20 17:55:04,0,96,312,2,147,8815,6995,873
909,2,7,2017/07/20 17:55:08,0,95,344,2,204,5747,2673,675
910,2,7,2017/07/20 17:55:12,0,96,479,2,357,5992,6237,840
911,2,7,2017/07/20 17:55:15,0,94,444,2,86,3428,2869,353
912,2,7,2017/07/20 17:55:19,0,96,262,2,100,14931,5855,975
913,2,7,2017/07/20 17:55:23,0,96,338,2,192,11072,5043,903
914,2,7,2017/07/20 17:55:27,0,96,274,2,126,7097,4900,891
915,2,7,2017/07/20 17:55:31,0,95,287,2,151,8216,4579,906
916,2,7,2017/07/20 17:55:34,0,95,312,3,184,5483,3045,570
917,2,7,2017/07/20 17:55:38,0,89,373,3,262,3475,2748,378
918,2,7,2017/07/20 17:55:42,0,95,280,2,150,3885,2728,484
919,2,7,2017/07/20 17:55:46,0,96,266,2,113,12555,4337,829
920,2,7,2017/07/20 17:55:50,0,96,262,2,115,7575,4939,927
921,2,7,2017/07/20 17:55:53,0,95,232,2,95,6010,4982,829
922,2,7,2017/07/20 17:55:57,0,95,261,2,94,11274,5137,973
923,2,7,2017/07/20 17:56:01,0,96,268,2,110,12242,7843,937
924,2,7,2017/07/20 17:56:05,0,96,270,2,145,7016,3602,772
925,2,7,2017/07/20 17:56:09,0,96,265,2,113,17980,9966,1067
926,2,7,2017/07/20 17:56:13,0,95,277,2,109,9847,2710,794
927,2,7,2017/07/20 17:56:16,0,95,280,2,140,8793,4185,809
928,2,7,2017/07/20 17:56:20,0,95,370,2,249,3223,1787,291
929,2,7,2017/07/20 17:56:24,0,95,333,2,201,9163,2988,765
930,2,7,2017/07/20 17:56:28,0,95,467,2,293,22649,8146,1134
931,2,7,2017/07/20 17:56:32,0,95,280,2,145,6602,5139,900
932,2,7,2017/07/20 17:56:35,0,95,277,2,148,3859,2173,230
933,2,7,2017/07/20 17:56:39,0,95,267,2,151,6346,3826,796
934,2,7,2017/07/20 17:56:43,0,95,385,4,266,7776,3814,817
935,2,7,2017/07/20 17:56:47,0,96,523,2,403,8130,3180,811
936,2,7,2017/07/20 17:56:51,0,96,338,2,172,9853,6310,931
937,2,7,2017/07/20 17:56:54,0,96,313,2,153,10572,6044,982
938,2,7,2017/07/20 17:56:58,0,95,229,2,92,7452,3932,883
939,2,7,2017/07/20 17:57:02,0,96,274,2,142,7069,3635,905
940,2,7,2017/07/20 17:57:06,0,93,277,2,131,6067,3587,828
941,2,7,2017/07/20 17:57:10,0,95,299,2,173,7511,3318,824
942,2,7,2017/07/20 17:57:14,0,95,274,2,125,5300,1867,575
943,2,7,2017/07/20 17:57:17,0,95,310,2,169,8218,3555,794
944,2,7,2017/07/20 17:57:21,0,96,369,2,248,5664,2029,561
945,2,7,2017/07/20 17:57:25,0,95,413,2,290,3574,2243,280
946,2,7,2017/07/20 17:57:29,0,96,435,2,314,7087,3795,780
947,2,7,2017/07/20 17:57:33,0,96,273,2,108,14031,9269,1074
948,2,7,2017/07/20 17:57:36,0,96,341,4,222,11135,5137,903
949,2,7,2017/07/20 17:57:40,0,75,318,2,205,3056,1200,217
950,2,7,2017/07/20 17:57:44,0,95,293,2,163,6406,2140,669
951,2,7,2017/07/20 17:57:48,0,95,453,3,333,6235,3538,760
952,2,7,2017/07/20 17:57:52,0,95,423,4,303,8319,6239,909
953,2,7,2017/07/20 17:57:55,0,96,252,2,105,13765,6374,1212
954,2,7,2017/07/20 17:57:59,0,96,267,2,120,13490,3486,894
955,2,7,2017/07/20 17:58:03,0,96,294,2,131,11446,6865,950
956,2,7,2017/07/20 17:58:07,0,95,280,2,147,6373,2917,573
957,2,7,2017/07/20 17:58:11,0,96,266,2,110,12286,4993,875
958,2,7,2017/07/20 17:58:14,0,96,281,2,128,11349,6698,1006
959,2,7,2017/07/20 17:58:18,0,96,289,2,138,12122,5136,928
960,2,7,2017/07/20 17:58:22,0,96,256,2,127,3341,1332,329
961,2,7,2017/07/20 17:58:26,0,96,460,4,309,4657,3855,882
962,2,7,2017/07/20 17:58:30,0,96,418,2,258,5419,2294,700
963,2,7,2017/07/20 17:58:34,0,96,334,2,174,11510,5006,1039
964,2,7,2017/07/20 17:58:37,0,96,317,2,164,5014,4941,597
965,2,7,2017/07/20 17:58:41,0,95,389,3,238,4736,2342,592
966,2,7,2017/07/20 17:58:45,0,96,304,2,146,10905,5058,926
967,2,7,2017/07/20 17:58:49,0,96,273,2,139,6632,2709,711
968,2,7,2017/07/20 17:58:53,0,95,272,2,145,6753,3060,693
969,2,7,2017/07/20 17:58:56,0,91,433,2,328,4053,2768,610
970,2,7,2017/07/20 17:59:00,0,96,492,2,310,15571,7050,1120
971,2,7,2017/07/20 17:59:04,0,95,305,2,160,12096,5740,830
972,2,7,2017/07/20 17:59:08,0,96,334,2,181,8868,3117,747
973,2,7,2017/07/20 17:59:12,0,96,324,2,184,5747,5482,824
974,2,7,2017/07/20 17:59:15,0,96,305,3,165,7128,3171,660
975,2,7,2017/07/20 17:59:19,0,95,372,3,249,4291,2679,654
976,2,7,2017/07/20 17:59:23,0,95,408,4,265,4469,3158,610
977,2,7,2017/07/20 17:59:27,0,96,511,3,401,2834,3370,306
978,2,7,2017/07/20 17:59:31,0,95,314,2,173,5415,2704,636
979,2,7,2017/07/20 17:59:34,0,92,412,2,302,3158,3363,540
980,2,7,2017/07/20 17:59:38,0,93,373,4,270,5946,4219,827
981,2,7,2017/07/20 17:59:42,0,95,355,2,225,5120,2770,582
982,2,7,2017/07/20 17:59:46,0,93,393,4,273,4429,4112,675
983,2,7,2017/07/20 17:59:50,0,95,373,4,254,7862,8130,924
984,2,7,2017/07/20 17:59:54,0,95,406,2,293,2469,3278,536
985,2,7,2017/07/20 17:59:57,0,95,232,2,36,4043,1691,571
986,2,7,2017/07/20 18:00:01,0,95,344,2,218,7556,3597,825
987,2,7,2017/07/20 18:00:05,0,96,357,2,178,12783,5598,988
988,2,7,2017/07/20 18:00:09,0,95,321,2,171,14239,7081,976
989,2,7,2017/07/20 18:00:13,0,96,258,2,96,13671,6239,1025
990,2,7,2017/07/20 18:00:16,0,96,301,2,138,10210,8732,903
991,2,7,2017/07/20 18:00:20,0,95,325,2,195,3127,1955,239
992,2,7,2017/07/20 18:00:24,0,96,442,2,299,7311,2656,774
993,2,7,2017/07/20 18:00:28,0,96,350,2,187,7660,4025,819
994,2,7,2017/07/20 18:00:32,0,95,295,2,142,4156,3610,807
995,2,7,2017/07/20 18:00:35,0,96,321,2,174,12309,5343,935
