time,acc_x,acc_y,acc_z,gyo_x,gyo_y,gyo_z
2017-01-11_15:30:14.441000,232,-31,3797,-71,226,16
2017-01-11_15:30:14.445000,252,-42,3809,-46,-26,-12
2017-01-11_15:30:14.448000,261,-31,3782,-39,241,-25
2017-01-11_15:30:14.452000,243,-54,3777,-65,-25,225
2017-01-11_15:30:14.456000,253,-43,3770,-41,-18,-30
2017-01-11_15:30:14.459000,229,-51,3772,-32,-9,-3
2017-01-11_15:30:14.463000,220,-44,3748,-39,241,-24
2017-01-11_15:30:14.467000,234,-34,3775,-64,-2,-12
2017-01-11_15:30:14.470000,234,-26,3758,-53,-10,246
2017-01-11_15:30:14.474000,255,-43,3766,-47,239,-251
2017-01-11_15:30:14.477000,242,-33,3806,-54,-237,-19
2017-01-11_15:30:14.481000,254,-46,3756,-53,1,-240
2017-01-11_15:30:14.485000,5,-39,3766,-39,-7,24
2017-01-11_15:30:14.488000,258,-30,3773,-62,-251,-24
2017-01-11_15:30:14.492000,240,-74,3769,-30,-255,-256
2017-01-11_15:30:14.496000,226,-31,3796,-23,-6,-231
2017-01-11_15:30:14.499000,232,-48,3780,-55,-11,-251
2017-01-11_15:30:14.503000,222,-33,3752,-71,-18,-223
2017-01-11_15:30:14.506000,234,-51,3731,-67,0,-31
2017-01-11_15:30:14.510000,240,-41,3791,-39,239,-20
2017-01-11_15:30:14.514000,246,-47,3780,-81,253,-3
2017-01-11_15:30:14.517000,235,-45,3781,-80,250,6
2017-01-11_15:30:14.521000,239,-42,3755,-13,-13,-247
2017-01-11_15:30:14.524000,243,-33,3775,-41,-231,16
2017-01-11_15:30:14.528000,259,-46,3781,-52,-16,-254
2017-01-11_15:30:14.532000,242,-38,3781,-54,-7,222
2017-01-11_15:30:14.535000,246,-57,3759,-17,-11,-218
2017-01-11_15:30:14.539000,245,-51,3793,-24,239,1
2017-01-11_15:30:14.543000,0,-41,3766,-65,-29,-251
2017-01-11_15:30:14.546000,234,-50,3810,-55,-3,-9
2017-01-11_15:30:14.550000,247,-45,3786,-23,-1,247
2017-01-11_15:30:14.553000,228,-23,3787,-55,238,-32
2017-01-11_15:30:14.557000,246,-30,3786,-48,-12,-251
2017-01-11_15:30:14.561000,246,-27,3759,-34,-12,-11
2017-01-11_15:30:14.564000,224,-67,3743,-57,-15,-4
2017-01-11_15:30:14.568000,243,-41,3805,-46,-254,-3
2017-01-11_15:30:14.572000,242,-19,3844,-30,-21,-249
2017-01-11_15:30:14.575000,231,-44,3760,-35,-4,-15
2017-01-11_15:30:14.579000,238,-26,3826,-45,-14,-237
2017-01-11_15:30:14.582000,237,-20,3761,-83,-10,-26
2017-01-11_15:30:14.586000,224,-44,3781,-19,-25,-252
2017-01-11_15:30:14.590000,243,-43,3797,-55,-253,-236
2017-01-11_15:30:14.593000,217,-51,3768,-62,-10,-254
2017-01-11_15:30:14.597000,241,-28,3789,-33,-251,-9
2017-01-11_15:30:14.601000,228,-49,3784,-39,-4,-234
2017-01-11_15:30:14.604000,236,-35,3756,-49,240,-32
2017-01-11_15:30:14.608000,237,-47,3799,-57,-22,-19
2017-01-11_15:30:14.611000,227,-42,3781,-28,246,8
2017-01-11_15:30:14.615000,240,-50,3762,-17,-1,-10
2017-01-11_15:30:14.619000,246,-47,3761,-74,-5,-13
2017-01-11_15:30:14.622000,223,-57,3748,-46,-14,250
2017-01-11_15:30:14.626000,249,-39,3788,-46,-7,200
2017-01-11_15:30:14.629000,214,-35,3775,-60,-249,-253
2017-01-11_15:30:14.633000,238,-39,3777,-51,239,230
2017-01-11_15:30:14.637000,233,-43,3761,-25,-246,-7
2017-01-11_15:30:14.640000,222,-61,3781,-63,-28,-1
2017-01-11_15:30:14.644000,269,-42,3803,-62,-1,4
2017-01-11_15:30:14.647000,241,-54,3797,-47,-31,-33
2017-01-11_15:30:14.651000,233,-67,3810,-28,-242,17
2017-01-11_15:30:14.655000,260,-31,3768,-72,242,241
2017-01-11_15:30:14.658000,257,-42,3802,-87,-6,-25
2017-01-11_15:30:14.662000,246,-37,3779,-13,-29,-5
2017-01-11_15:30:14.666000,253,-65,3767,-42,-5,-4
2017-01-11_15:30:14.669000,236,-50,3751,-73,-5,-255
2017-01-11_15:30:14.673000,217,-27,3758,-39,-7,-10
2017-01-11_15:30:14.676000,244,-57,3767,-22,-22,-236
2017-01-11_15:30:14.680000,252,-40,3779,-64,-253,-13
2017-01-11_15:30:14.684000,253,-24,3749,-62,-23,-253
2017-01-11_15:30:14.687000,220,-30,3779,-48,-249,231
2017-01-11_15:30:14.691000,220,-56,3763,-32,-256,-16
2017-01-11_15:30:14.695000,229,-71,3810,-62,-19,-246
2017-01-11_15:30:14.698000,253,-39,3777,-68,233,-248
2017-01-11_15:30:14.702000,221,-43,3793,-34,-253,-13
2017-01-11_15:30:14.705000,233,-43,3789,-48,-16,-239
2017-01-11_15:30:14.709000,240,-34,3757,-51,250,-6
2017-01-11_15:30:14.713000,226,-49,3811,-46,-3,-242
2017-01-11_15:30:14.716000,265,-31,3753,-46,-250,-9
2017-01-11_15:30:14.720000,258,-20,3791,-63,-245,-247
2017-01-11_15:30:14.724000,230,-48,3798,-34,-249,-256
2017-01-11_15:30:14.727000,246,-39,3787,-19,-256,249
2017-01-11_15:30:14.731000,285,-51,3778,-76,-13,229
2017-01-11_15:30:14.734000,225,-48,3779,-71,246,-12
2017-01-11_15:30:14.738000,211,-43,3768,-36,-32,-251
2017-01-11_15:30:14.742000,228,-43,3768,-27,-249,4
2017-01-11_15:30:14.745000,232,-66,3771,-49,-14,-23
2017-01-11_15:30:14.749000,255,-63,3801,-78,-251,-3
2017-01-11_15:30:14.753000,241,-29,3807,-22,-1,-14
2017-01-11_15:30:14.756000,252,-33,3754,-34,232,-250
2017-01-11_15:30:14.760000,254,-38,3744,-51,-14,246
2017-01-11_15:30:14.763000,257,-37,3769,-44,-6,-14
2017-01-11_15:30:14.767000,238,-49,3794,-42,-1,224
2017-01-11_15:30:14.771000,239,-38,3790,-58,-5,-240
2017-01-11_15:30:14.774000,249,-20,3779,-58,-3,246
2017-01-11_15:30:14.778000,246,-46,3782,-8,-13,-18
2017-01-11_15:30:14.782000,231,-61,3784,-45,-15,-251
2017-01-11_15:30:14.785000,243,-32,3758,-77,1,227
2017-01-11_15:30:14.789000,230,-48,3768,-23,-13,-6
2017-01-11_15:30:14.792000,241,-58,3796,-44,242,-6
2017-01-11_15:30:14.796000,239,-34,3792,-65,-14,-28
2017-01-11_15:30:14.800000,230,-41,3757,-23,-13,-8
2017-01-11_15:30:14.803000,240,-29,3774,-29,-16,-6
2017-01-11_15:30:14.807000,501,-39,3769,-57,-20,-13
2017-01-11_15:30:14.811000,252,-57,3779,-72,226,-21
2017-01-11_15:30:14.814000,253,-56,3728,-30,-12,-6
2017-01-11_15:30:14.818000,240,-42,3775,-14,-1,-20
2017-01-11_15:30:14.821000,243,-47,3791,-78,-13,-253
2017-01-11_15:30:14.825000,206,-49,3799,-53,241,-244
2017-01-11_15:30:14.829000,230,-63,3763,-22,-6,-10
2017-01-11_15:30:14.832000,269,-43,3770,-41,-255,-12
2017-01-11_15:30:14.836000,243,-38,3761,-55,-20,250
2017-01-11_15:30:14.840000,228,-66,3803,-47,-26,-21
2017-01-11_15:30:14.843000,219,-56,3762,-37,-4,-247
2017-01-11_15:30:14.847000,232,-60,3752,-68,236,-31
2017-01-11_15:30:14.850000,245,-52,3785,-70,222,-244
2017-01-11_15:30:14.854000,254,-39,3811,-38,237,-243
2017-01-11_15:30:14.858000,237,-69,3770,-52,-249,-239
2017-01-11_15:30:14.861000,244,-34,3815,-65,-10,-4
2017-01-11_15:30:14.865000,272,-36,3807,-38,238,-230
2017-01-11_15:30:14.868000,251,-19,3801,-35,-7,-20
2017-01-11_15:30:14.872000,202,-54,3770,-63,-1,-14
2017-01-11_15:30:14.876000,253,-26,3794,-44,-3,-239
2017-01-11_15:30:14.879000,236,-28,3787,-22,-8,2
2017-01-11_15:30:14.883000,237,-36,3787,-41,-249,-2
2017-01-11_15:30:14.887000,246,-74,3770,-54,-251,19
2017-01-11_15:30:14.890000,237,-63,3767,-33,230,-256
2017-01-11_15:30:14.894000,237,-46,3731,-14,-246,-247
2017-01-11_15:30:14.897000,230,-35,3825,-64,11,241
2017-01-11_15:30:14.901000,261,-40,3758,-38,223,-24
2017-01-11_15:30:14.905000,243,-46,3783,-26,-7,-256
2017-01-11_15:30:14.908000,239,-65,3794,-60,-21,9
2017-01-11_15:30:14.912000,246,-45,3816,-57,3,-3
2017-01-11_15:30:14.915000,496,-55,3748,-55,-6,-8
2017-01-11_15:30:14.919000,242,-69,3766,-30,-6,240
2017-01-11_15:30:14.923000,224,-60,3761,-45,244,-18
2017-01-11_15:30:14.926000,233,-48,3784,-64,-10,-17
2017-01-11_15:30:14.930000,239,-55,3777,-25,243,-9
2017-01-11_15:30:14.934000,235,-46,3786,-28,-11,225
2017-01-11_15:30:14.937000,229,-60,3770,-76,-242,-16
2017-01-11_15:30:14.941000,255,-27,3738,-48,-19,240
2017-01-11_15:30:14.945000,241,-60,3771,-28,-13,-26
2017-01-11_15:30:14.948000,236,-37,3744,-77,-4,-10
2017-01-11_15:30:14.952000,264,-48,3782,-66,-5,-231
2017-01-11_15:30:14.956000,234,-58,3753,-43,234,226
2017-01-11_15:30:14.959000,236,-12,3774,-71,238,-240
2017-01-11_15:30:14.963000,505,-55,3756,-66,224,224
2017-01-11_15:30:14.967000,241,-55,3795,-75,-9,224
2017-01-11_15:30:14.970000,256,-52,3775,-46,-13,229
2017-01-11_15:30:14.974000,230,-39,3782,-81,-256,4
2017-01-11_15:30:14.978000,230,-32,3757,-41,-5,230
2017-01-11_15:30:14.981000,232,-56,3776,-18,-13,-232
2017-01-11_15:30:14.985000,241,-67,3769,-55,-256,253
2017-01-11_15:30:14.988000,233,-24,3763,-46,-1,-243
2017-01-11_15:30:14.992000,245,-27,3797,-70,-14,-238
2017-01-11_15:30:14.996000,226,-44,3791,-31,-10,-245
2017-01-11_15:30:14.999000,237,-33,3754,-36,-246,9
2017-01-11_15:30:15.003000,230,-38,3780,-66,235,-4
2017-01-11_15:30:15.006000,262,-48,3776,-40,-256,13
2017-01-11_15:30:15.010000,249,-58,3760,-44,29,-11
2017-01-11_15:30:15.014000,237,-50,3762,-63,-4,-10
2017-01-11_15:30:15.017000,256,-48,3799,-67,247,-246
2017-01-11_15:30:15.021000,256,-45,3764,-22,-1,-8
2017-01-11_15:30:15.025000,238,-35,3758,-54,-18,243
2017-01-11_15:30:15.028000,236,-27,3805,-50,239,-37
2017-01-11_15:30:15.032000,221,-42,3747,-50,-14,-4
2017-01-11_15:30:15.036000,232,-53,3759,-16,247,2
2017-01-11_15:30:15.039000,228,-29,3780,-67,-22,-255
2017-01-11_15:30:15.043000,242,-31,3767,-55,-248,-5
2017-01-11_15:30:15.046000,265,-66,3802,-51,232,-253
2017-01-11_15:30:15.050000,226,-22,3742,-25,-249,-19
2017-01-11_15:30:15.054000,247,-44,3748,-75,-20,220
2017-01-11_15:30:15.057000,230,-63,3781,-69,-3,247
2017-01-11_15:30:15.061000,232,-42,3809,-25,227,-17
2017-01-11_15:30:15.065000,258,-45,3784,-35,-13,-19
2017-01-11_15:30:15.068000,226,-49,3796,-38,-3,244
2017-01-11_15:30:15.072000,249,-28,3803,-50,241,6
2017-01-11_15:30:15.075000,212,-64,3807,-58,-254,-22
2017-01-11_15:30:15.079000,245,-48,3775,-48,-19,3
2017-01-11_15:30:15.083000,257,-49,3772,-45,-21,-1
2017-01-11_15:30:15.086000,239,-57,3791,-43,-2,-27
2017-01-11_15:30:15.090000,255,-64,3766,-52,-14,-229
2017-01-11_15:30:15.093000,235,-29,3800,-38,-14,231
2017-01-11_15:30:15.097000,249,-45,3759,-21,-4,-10
2017-01-11_15:30:15.101000,240,-39,3742,-51,-9,-246
2017-01-11_15:30:15.104000,239,-49,3781,-62,-14,8
2017-01-11_15:30:15.108000,223,-65,3780,-29,-7,-238
2017-01-11_15:30:15.112000,232,-32,3781,-27,-248,9
2017-01-11_15:30:15.115000,249,-55,3796,-64,-16,-256
2017-01-11_15:30:15.119000,229,-77,3809,-48,-10,-10
2017-01-11_15:30:15.122000,249,-36,3756,-29,-7,235
2017-01-11_15:30:15.126000,228,-34,3796,-46,-255,-17
2017-01-11_15:30:15.130000,254,-65,3791,-73,-14,-252
2017-01-11_15:30:15.133000,223,-61,3784,-45,-11,250
2017-01-11_15:30:15.137000,233,-11,3749,-42,15,-25
2017-01-11_15:30:15.140000,255,-46,3762,-79,-18,-44
2017-01-11_15:30:15.144000,250,-38,3797,-46,-10,-243
2017-01-11_15:30:15.148000,248,-76,3756,-32,238,-2
2017-01-11_15:30:15.151000,234,-52,3781,-35,-8,241
2017-01-11_15:30:15.155000,266,-26,3771,-46,-27,-4
2017-01-11_15:30:15.159000,246,-32,3792,-44,-9,-5
2017-01-11_15:30:15.162000,224,-47,3784,-4,-18,-248
2017-01-11_15:30:15.166000,239,-49,3779,-65,21,249
2017-01-11_15:30:15.170000,229,-69,3800,-50,219,-6
2017-01-11_15:30:15.173000,243,-51,3767,-37,-3,-27
2017-01-11_15:30:15.177000,253,-33,3757,-66,-25,250
2017-01-11_15:30:15.180000,239,-43,3759,-76,-14,-36
2017-01-11_15:30:15.184000,244,-24,3779,-18,-250,235
2017-01-11_15:30:15.188000,239,-28,3784,-40,-17,-20
2017-01-11_15:30:15.191000,244,-46,3794,-61,4,-23
2017-01-11_15:30:15.195000,253,-50,3803,-72,-256,-21
2017-01-11_15:30:15.198000,228,-31,3796,-26,-12,241
2017-01-11_15:30:15.202000,227,-32,3748,-46,-256,-43
2017-01-11_15:30:15.206000,224,-33,3748,-77,-24,-6
2017-01-11_15:30:15.209000,210,-49,3784,-63,-253,-9
2017-01-11_15:30:15.213000,241,-28,3766,-23,-14,210
2017-01-11_15:30:15.217000,239,-53,3748,-46,-246,-244
2017-01-11_15:30:15.220000,238,-55,3767,-70,5,-19
2017-01-11_15:30:15.224000,270,-58,3770,-51,-10,-1
2017-01-11_15:30:15.227000,254,-56,3798,-36,-20,245
2017-01-11_15:30:15.231000,248,-47,3779,-49,238,-7
2017-01-11_15:30:15.235000,234,-54,3734,-64,-17,-26
2017-01-11_15:30:15.238000,238,-62,3751,-38,240,8
2017-01-11_15:30:15.242000,223,-42,3773,-41,6,-1
2017-01-11_15:30:15.246000,237,-36,3766,-53,-23,-3
2017-01-11_15:30:15.249000,257,-44,3765,-51,-25,-241
2017-01-11_15:30:15.253000,245,-42,3771,-39,-5,-254
2017-01-11_15:30:15.256000,254,-57,3770,-68,-19,-2
2017-01-11_15:30:15.260000,212,-22,3795,-85,223,-10
2017-01-11_15:30:15.264000,245,-61,3774,-35,-11,232
2017-01-11_15:30:15.267000,241,-24,3770,-70,225,12
2017-01-11_15:30:15.271000,237,-56,3755,-70,-255,237
2017-01-11_15:30:15.274000,240,-30,3758,-36,-12,-255
2017-01-11_15:30:15.278000,236,-42,3774,-29,-12,-13
2017-01-11_15:30:15.282000,255,-45,3751,-84,-1,-237
2017-01-11_15:30:15.285000,257,-55,3749,-57,242,239
2017-01-11_15:30:15.289000,229,-26,3764,-30,2,-255
2017-01-11_15:30:15.292000,270,-39,3770,-48,-11,-234
2017-01-11_15:30:15.296000,219,-19,3809,-75,-9,-24
2017-01-11_15:30:15.300000,228,-53,3792,-43,-13,-250
2017-01-11_15:30:15.303000,257,-70,3770,-29,-15,241
2017-01-11_15:30:15.307000,234,-57,3758,-64,-18,0
2017-01-11_15:30:15.311000,229,-56,3782,-31,-15,-20
2017-01-11_15:30:15.314000,228,-41,3792,-18,-28,-221
2017-01-11_15:30:15.318000,216,-56,3812,-32,-19,233
2017-01-11_15:30:15.322000,261,-51,3757,-67,-14,-27
2017-01-11_15:30:15.325000,230,-49,3767,-37,-9,253
2017-01-11_15:30:15.329000,255,-59,3773,-18,-5,-14
2017-01-11_15:30:15.332000,242,-32,3775,-63,4,-10
2017-01-11_15:30:15.336000,248,-40,3721,-77,237,17
2017-01-11_15:30:15.340000,223,-27,3790,-29,-9,-19
2017-01-11_15:30:15.343000,231,-49,3764,-20,-5,-7
2017-01-11_15:30:15.347000,212,-58,3786,-68,-1,-9
2017-01-11_15:30:15.350000,225,-41,3733,-47,-7,-10
2017-01-11_15:30:15.354000,239,-41,3760,-26,4,-14
2017-01-11_15:30:15.358000,222,-31,3779,-65,-5,7
2017-01-11_15:30:15.361000,260,-42,3802,-78,-13,-32
2017-01-11_15:30:15.365000,249,-35,3736,-32,236,5
2017-01-11_15:30:15.369000,261,-35,3732,-13,-9,247
2017-01-11_15:30:15.372000,222,-45,3758,-62,-6,-250
2017-01-11_15:30:15.376000,258,-42,3728,-69,-251,-22
2017-01-11_15:30:15.379000,235,-18,3796,-35,236,1
2017-01-11_15:30:15.383000,1,-34,3757,-42,248,-12
2017-01-11_15:30:15.387000,225,-39,3742,-82,-251,251
2017-01-11_15:30:15.390000,219,-49,3753,-32,-4,244
2017-01-11_15:30:15.394000,235,-55,3780,-64,-15,2
2017-01-11_15:30:15.398000,218,-57,3814,-63,231,-250
2017-01-11_15:30:15.401000,248,-58,3812,-46,230,-9
2017-01-11_15:30:15.405000,235,-49,3789,-30,246,-1
2017-01-11_15:30:15.408000,232,-57,3815,-64,223,-15
2017-01-11_15:30:15.412000,246,-53,3782,-61,-19,-247
2017-01-11_15:30:15.416000,275,-47,3753,-50,233,-40
2017-01-11_15:30:15.419000,252,-46,3772,-30,-249,-9
2017-01-11_15:30:15.423000,223,-24,3789,-70,-256,240
2017-01-11_15:30:15.426000,261,-62,3760,-67,-255,-43
2017-01-11_15:30:15.430000,247,-29,3801,-29,3,249
2017-01-11_15:30:15.434000,252,-33,3763,-41,-9,-10
2017-01-11_15:30:15.437000,222,-43,3812,-65,231,-26
2017-01-11_15:30:15.441000,249,-46,3807,-35,-9,-20
2017-01-11_15:30:15.445000,263,-51,3785,-39,-32,217
2017-01-11_15:30:15.448000,245,-31,3753,-57,-250,-5
2017-01-11_15:30:15.452000,249,-57,3761,-49,16,240
2017-01-11_15:30:15.456000,222,-5,3776,-33,-22,-20
2017-01-11_15:30:15.459000,230,-48,3802,-51,3,229
2017-01-11_15:30:15.463000,244,-51,3773,-76,-10,-21
2017-01-11_15:30:15.466000,227,-27,3793,-39,-13,213
2017-01-11_15:30:15.470000,226,-51,3762,-29,-21,-26
2017-01-11_15:30:15.474000,252,-54,3782,-66,-3,238
2017-01-11_15:30:15.478000,231,-48,3771,-68,-12,-2
2017-01-11_15:30:15.481000,242,-42,3784,-17,-1,238
2017-01-11_15:30:15.485000,256,-49,3789,-18,-14,-240
2017-01-11_15:30:15.488000,219,-40,3587,-79,-3,-252
2017-01-11_15:30:15.492000,229,-52,3774,-42,-18,-38
2017-01-11_15:30:15.496000,237,-72,3744,-20,-253,15
2017-01-11_15:30:15.499000,210,-45,3800,-62,-255,-7
2017-01-11_15:30:15.503000,231,-58,3793,-67,-253,-249
2017-01-11_15:30:15.507000,252,-40,3776,-14,220,246
2017-01-11_15:30:15.510000,223,-53,3734,-42,-15,221
2017-01-11_15:30:15.514000,241,-42,3769,-68,-18,-3
2017-01-11_15:30:15.518000,249,-38,3792,-40,-7,243
2017-01-11_15:30:15.521000,214,-59,3799,-28,243,-18
2017-01-11_15:30:15.525000,211,-14,3782,-44,-239,-6
2017-01-11_15:30:15.528000,246,-38,3773,-39,-3,-250
2017-01-11_15:30:15.532000,231,-49,3792,-37,-9,-18
2017-01-11_15:30:15.536000,212,-61,3797,-55,-12,-13
2017-01-11_15:30:15.539000,261,-84,3771,-44,-17,-244
2017-01-11_15:30:15.543000,214,-52,3803,-58,-22,-12
2017-01-11_15:30:15.546000,192,-52,3802,-32,-30,-13
2017-01-11_15:30:15.550000,212,-49,3777,-67,-15,-243
2017-01-11_15:30:15.554000,233,-25,3802,-68,-21,-27
2017-01-11_15:30:15.557000,232,-37,3826,-38,-27,-1
2017-01-11_15:30:15.561000,230,-35,3784,-29,-14,-33
2017-01-11_15:30:15.565000,248,-45,3767,-57,212,242
2017-01-11_15:30:15.568000,237,-65,3796,-51,-14,-10
2017-01-11_15:30:15.572000,216,-94,3811,-32,-43,225
2017-01-11_15:30:15.575000,238,-54,3786,-40,-18,-32
2017-01-11_15:30:15.579000,233,-57,3827,-54,-44,-13
2017-01-11_15:30:15.583000,237,-75,3809,-52,-24,-1
2017-01-11_15:30:15.586000,240,-77,3703,-19,-22,-20
2017-01-11_15:30:15.590000,193,-43,3797,-47,-5,-12
2017-01-11_15:30:15.594000,237,-30,3766,-61,-4,238
2017-01-11_15:30:15.597000,279,-3,3728,-38,-26,-16
2017-01-11_15:30:15.601000,294,26,3762,-55,-9,-240
2017-01-11_15:30:15.604000,274,46,3706,-54,234,222
2017-01-11_15:30:15.608000,502,-14,3725,-48,-14,-26
2017-01-11_15:30:15.612000,232,-39,3728,-7,-18,245
2017-01-11_15:30:15.615000,265,-25,3798,-62,7,-20
2017-01-11_15:30:15.619000,273,-43,3760,-78,-20,-27
2017-01-11_15:30:15.623000,221,-49,3797,-34,255,-243
2017-01-11_15:30:15.626000,224,-42,3778,-69,-6,211
2017-01-11_15:30:15.630000,251,-59,3781,-59,-237,-25
2017-01-11_15:30:15.633000,220,-67,3743,-16,227,246
2017-01-11_15:30:15.637000,209,-42,3763,-40,-226,240
2017-01-11_15:30:15.641000,235,-10,3738,-30,-3,-19
2017-01-11_15:30:15.644000,241,-34,3801,-55,-21,-15
2017-01-11_15:30:15.648000,508,0,3766,-43,246,-7
2017-01-11_15:30:15.651000,267,-43,3767,-35,-3,217
2017-01-11_15:30:15.655000,234,-14,3773,-29,-253,-221
2017-01-11_15:30:15.659000,239,-32,3801,-60,243,220
2017-01-11_15:30:15.662000,264,-20,3790,-23,-256,-245
2017-01-11_15:30:15.666000,266,-36,3752,-45,-24,3
2017-01-11_15:30:15.670000,227,-25,3743,-43,-16,-3
2017-01-11_15:30:15.673000,256,-63,3772,-27,231,214
2017-01-11_15:30:15.677000,232,-53,3830,-60,243,-255
2017-01-11_15:30:15.680000,233,-72,3754,-97,-255,-12
2017-01-11_15:30:15.684000,231,-52,3765,-29,-4,-222
2017-01-11_15:30:15.688000,236,-55,3759,-36,-230,7
2017-01-11_15:30:15.691000,269,-43,3795,-49,-2,-228
2017-01-11_15:30:15.695000,242,-44,3787,-42,-254,-8
2017-01-11_15:30:15.698000,239,-43,3792,-38,0,242
2017-01-11_15:30:15.702000,232,-32,3785,-33,-1,10
2017-01-11_15:30:15.706000,250,-33,3759,-63,4,214
2017-01-11_15:30:15.709000,274,-253,3798,-76,-253,53
2017-01-11_15:30:15.713000,262,-23,3800,-1,-11,-32
2017-01-11_15:30:15.717000,502,-18,3813,-59,-10,-14
2017-01-11_15:30:15.720000,249,-56,3738,-74,-256,0
2017-01-11_15:30:15.724000,220,-45,3772,-46,-18,-17
2017-01-11_15:30:15.727000,216,-80,3822,-32,-8,-12
2017-01-11_15:30:15.731000,238,-49,3773,-68,-12,34
2017-01-11_15:30:15.735000,218,-54,3792,-57,7,239
2017-01-11_15:30:15.738000,257,-55,3738,-17,-254,-30
2017-01-11_15:30:15.742000,273,-48,3791,-52,10,16
2017-01-11_15:30:15.746000,508,-64,3778,-63,-13,-31
2017-01-11_15:30:15.749000,250,-47,3802,-36,-18,-240
2017-01-11_15:30:15.753000,243,-56,3805,-34,-10,-255
2017-01-11_15:30:15.756000,256,-21,3748,-57,-17,-23
2017-01-11_15:30:15.760000,248,-26,3767,-72,-14,-3
2017-01-11_15:30:15.764000,244,-40,3787,-19,-7,-238
2017-01-11_15:30:15.767000,255,-67,3744,-23,233,-28
2017-01-11_15:30:15.771000,225,-59,3823,-66,-21,-8
2017-01-11_15:30:15.775000,242,-86,3748,-33,-6,15
2017-01-11_15:30:15.778000,238,-54,3815,-26,-21,-9
2017-01-11_15:30:15.782000,252,-46,3810,-61,-252,-13
2017-01-11_15:30:15.785000,214,-44,3811,-61,-27,-236
2017-01-11_15:30:15.789000,231,-34,3737,-55,-8,-39
2017-01-11_15:30:15.793000,244,-48,3734,-25,-4,-235
2017-01-11_15:30:15.796000,210,-35,3730,-67,-255,242
2017-01-11_15:30:15.800000,249,-45,3776,-37,-32,237
2017-01-11_15:30:15.803000,249,-36,3819,-48,-247,-251
2017-01-11_15:30:15.807000,248,-25,3751,-64,-6,-243
2017-01-11_15:30:15.811000,252,-32,3781,-61,-251,-254
2017-01-11_15:30:15.814000,273,-46,3781,-41,251,-246
2017-01-11_15:30:15.818000,244,-22,3805,-52,-251,-253
2017-01-11_15:30:15.822000,238,-29,3747,-42,-10,225
2017-01-11_15:30:15.825000,228,-41,3750,-43,243,-248
2017-01-11_15:30:15.829000,265,-59,3700,-8,-251,-13
2017-01-11_15:30:15.832000,501,-44,3791,-68,-1,-8
2017-01-11_15:30:15.836000,260,-52,3781,-61,-2,-9
2017-01-11_15:30:15.840000,262,-72,3789,-39,-21,-223
2017-01-11_15:30:15.843000,257,-38,3774,-30,-255,-37
2017-01-11_15:30:15.847000,249,-62,3808,-89,249,-229
2017-01-11_15:30:15.851000,243,-58,3810,-63,-253,240
2017-01-11_15:30:15.854000,246,-56,3783,-32,-1,-250
2017-01-11_15:30:15.858000,259,-54,3805,-47,-14,-7
2017-01-11_15:30:15.861000,254,-56,3769,-62,13,-226
2017-01-11_15:30:15.865000,243,-17,3786,-45,-15,-39
2017-01-11_15:30:15.869000,244,-23,3776,-27,13,-253
2017-01-11_15:30:15.872000,237,-54,3772,-74,237,-27
2017-01-11_15:30:15.876000,221,-43,3781,-45,-250,-18
2017-01-11_15:30:15.879000,230,-43,3781,-49,-254,-21
2017-01-11_15:30:15.883000,226,-42,3771,-58,2,254
2017-01-11_15:30:15.887000,237,-24,3740,-69,-34,-20
2017-01-11_15:30:15.890000,241,-28,3762,-36,13,-254
2017-01-11_15:30:15.894000,253,-38,3802,-29,-14,-5
2017-01-11_15:30:15.898000,255,-32,3795,-67,-11,-12
2017-01-11_15:30:15.901000,223,-37,3757,-48,-3,9
2017-01-11_15:30:15.905000,258,-26,3792,-23,-16,250
2017-01-11_15:30:15.908000,241,-38,3775,-83,-18,-246
2017-01-11_15:30:15.912000,274,-52,3756,-97,-5,253
2017-01-11_15:30:15.916000,252,-31,3745,-16,-243,-20
2017-01-11_15:30:15.919000,228,-32,3768,-23,-243,-16
2017-01-11_15:30:15.923000,231,-31,3747,-32,-250,254
2017-01-11_15:30:15.927000,247,-45,3742,-87,-4,214
2017-01-11_15:30:15.930000,249,-19,3775,-38,-2,-3
2017-01-11_15:30:15.934000,216,-52,3783,-35,-255,-11
2017-01-11_15:30:15.937000,235,-26,3720,-67,-241,242
2017-01-11_15:30:15.941000,242,-40,3792,-38,-17,-1
2017-01-11_15:30:15.945000,235,-49,3751,-21,-254,-9
2017-01-11_15:30:15.948000,243,-35,3778,-81,253,-2
2017-01-11_15:30:15.952000,250,-33,3764,-67,-252,229
2017-01-11_15:30:15.955000,225,-41,3756,-29,0,244
2017-01-11_15:30:15.959000,217,-38,3792,-151,-187,203
2017-01-11_15:30:15.963000,1806,-438,999,-180,-410,224
2017-01-11_15:30:15.970000,-2855,-1832,16414,160,-1294,238
2017-01-11_15:30:15.973000,4484,772,388,-214,-88,-265
2017-01-11_15:30:15.977000,1488,591,739,-419,286,170
2017-01-11_15:30:15.981000,215,221,1932,-315,-282,319
2017-01-11_15:30:15.984000,1173,-433,3744,23,604,5
2017-01-11_15:30:15.988000,-2177,-1222,11908,64,-861,-170
2017-01-11_15:30:15.992000,2496,215,1694,-58,141,27
2017-01-11_15:30:15.995000,-28,626,1753,-191,33,91
2017-01-11_15:30:15.999000,17,-954,3455,-69,-12,-58
2017-01-11_15:30:16.003000,332,-1021,4309,-8,-148,-38
2017-01-11_15:30:16.007000,-72,-499,4631,-18,-10,221
2017-01-11_15:30:16.010000,165,-194,4380,23,11,-225
2017-01-11_15:30:16.014000,224,413,3298,-15,-90,-7
2017-01-11_15:30:16.017000,740,242,2785,-15,-3,-27
2017-01-11_15:30:16.021000,443,89,3536,17,-51,-37
2017-01-11_15:30:16.025000,264,327,4456,198,-56,-17
2017-01-11_15:30:16.028000,685,216,3961,-80,248,7
2017-01-11_15:30:16.032000,910,69,2803,-78,45,-255
2017-01-11_15:30:16.036000,349,-242,3353,-41,71,222
2017-01-11_15:30:16.039000,-198,-200,4165,-60,-57,-2
2017-01-11_15:30:16.043000,-99,-53,3949,-45,-42,31
2017-01-11_15:30:16.046000,212,78,3864,-30,-21,-247
2017-01-11_15:30:16.050000,585,47,3612,-47,10,41
2017-01-11_15:30:16.054000,240,-116,3343,-81,-10,-243
2017-01-11_15:30:16.057000,-102,-219,3744,-40,199,31
2017-01-11_15:30:16.061000,-288,-423,4137,231,-14,-7
2017-01-11_15:30:16.065000,88,-282,4091,-27,-14,241
2017-01-11_15:30:16.068000,335,30,3730,-47,-10,217
2017-01-11_15:30:16.072000,422,168,3939,-32,-64,-239
2017-01-11_15:30:16.075000,273,225,3751,-42,-60,-5
2017-01-11_15:30:16.079000,551,36,3488,-73,-9,-12
2017-01-11_15:30:16.083000,425,253,3456,-58,25,-243
2017-01-11_15:30:16.086000,222,167,3716,-63,21,22
2017-01-11_15:30:16.090000,267,225,3765,-74,3,-4
2017-01-11_15:30:16.093000,190,-75,3621,-79,-7,-246
2017-01-11_15:30:16.097000,277,-93,3646,-55,-27,-12
2017-01-11_15:30:16.101000,267,-131,3637,-38,-6,-15
2017-01-11_15:30:16.104000,147,-322,3950,-82,238,-14
2017-01-11_15:30:16.108000,-8,-360,4065,-70,7,242
2017-01-11_15:30:16.112000,108,-249,3924,-22,25,242
2017-01-11_15:30:16.115000,393,-38,3821,-60,-34,-16
2017-01-11_15:30:16.119000,409,13,3822,-54,-34,2
2017-01-11_15:30:16.122000,497,50,3671,-25,-43,-12
2017-01-11_15:30:16.126000,381,150,3502,-28,-5,-234
2017-01-11_15:30:16.130000,281,162,3581,-66,13,202
2017-01-11_15:30:16.133000,208,124,3827,-86,27,-2
2017-01-11_15:30:16.137000,244,14,3898,-51,21,-4
2017-01-11_15:30:16.141000,284,4,3876,-50,-243,-245
2017-01-11_15:30:16.144000,201,-75,3704,-74,-41,-19
2017-01-11_15:30:16.148000,202,-185,3720,-39,-24,-243
2017-01-11_15:30:16.151000,142,-245,3712,-43,-255,-23
2017-01-11_15:30:16.155000,75,-153,3798,-56,8,-21
2017-01-11_15:30:16.159000,59,-71,3833,-37,25,-236
2017-01-11_15:30:16.162000,166,-25,3867,-8,-6,-3
2017-01-11_15:30:16.166000,366,33,3786,-60,-11,-251
2017-01-11_15:30:16.170000,390,69,3677,-65,-46,13
2017-01-11_15:30:16.173000,409,47,3626,-42,-29,212
2017-01-11_15:30:16.177000,247,-17,3757,-41,-247,-25
2017-01-11_15:30:16.180000,182,-41,4049,-75,29,-239
2017-01-11_15:30:16.184000,229,-45,3888,-76,6,9
2017-01-11_15:30:16.187000,226,-101,3855,-30,-15,-2
2017-01-11_15:30:16.191000,208,-150,3677,-26,-28,-252
2017-01-11_15:30:16.195000,247,-116,3750,-58,-35,-13
2017-01-11_15:30:16.199000,231,-91,3661,-54,210,-13
2017-01-11_15:30:16.202000,187,-99,3797,-32,-33,-3
2017-01-11_15:30:16.206000,141,-65,3818,-51,-239,-3
2017-01-11_15:30:16.209000,240,-25,3788,-65,-27,223
2017-01-11_15:30:16.213000,278,-24,3707,-39,-10,6
2017-01-11_15:30:16.217000,381,-100,3801,-27,-40,222
2017-01-11_15:30:16.220000,368,-121,3727,-41,-254,-34
2017-01-11_15:30:16.224000,197,-39,3710,-33,6,5
2017-01-11_15:30:16.227000,176,18,3756,-23,-252,-39
2017-01-11_15:30:16.231000,234,27,3911,-46,3,-251
2017-01-11_15:30:16.235000,299,27,3877,-80,-253,-4
2017-01-11_15:30:16.238000,249,41,3830,-50,-17,214
2017-01-11_15:30:16.242000,463,-43,3731,-20,-49,-22
2017-01-11_15:30:16.245000,219,-125,3728,-58,-22,251
2017-01-11_15:30:16.249000,240,-85,3720,-42,216,-20
2017-01-11_15:30:16.253000,190,-37,3781,-29,5,-5
2017-01-11_15:30:16.256000,222,-89,3835,-22,2,238
2017-01-11_15:30:16.260000,466,-113,3815,-65,-230,239
2017-01-11_15:30:16.263000,260,-84,3788,-51,-10,-254
2017-01-11_15:30:16.267000,262,-2,3767,-25,-32,1
2017-01-11_15:30:16.271000,67,39,3703,-63,-2,-21
2017-01-11_15:30:16.274000,243,59,3715,-65,231,-250
2017-01-11_15:30:16.278000,270,94,3704,-40,10,232
2017-01-11_15:30:16.282000,253,56,3723,-43,3,241
2017-01-11_15:30:16.285000,240,-5,3801,-62,-253,-242
2017-01-11_15:30:16.289000,194,-74,3793,-48,-15,241
2017-01-11_15:30:16.293000,229,-67,3779,-25,-256,225
2017-01-11_15:30:16.296000,234,-76,3759,-82,-13,-27
2017-01-11_15:30:16.300000,245,-91,3849,-52,-251,233
2017-01-11_15:30:16.303000,167,-142,3865,-29,241,-17
2017-01-11_15:30:16.307000,171,-112,3816,-41,233,238
2017-01-11_15:30:16.311000,240,-115,3793,-53,-27,232
2017-01-11_15:30:16.314000,281,-78,3782,-30,-17,-2
2017-01-11_15:30:16.318000,335,-8,3718,-17,-38,239
2017-01-11_15:30:16.322000,300,68,3648,-94,231,-253
2017-01-11_15:30:16.325000,286,84,3714,-58,4,-22
2017-01-11_15:30:16.329000,511,-19,3804,-38,-2,252
2017-01-11_15:30:16.332000,241,-42,3796,-29,0,-3
2017-01-11_15:30:16.336000,241,-67,3809,-79,-42,-28
2017-01-11_15:30:16.340000,254,-51,3800,-61,-11,-13
2017-01-11_15:30:16.343000,253,-84,3844,-33,-28,221
2017-01-11_15:30:16.347000,245,-55,4048,-44,-6,-16
2017-01-11_15:30:16.350000,187,-35,3814,-65,2,-17
2017-01-11_15:30:16.354000,128,-102,3813,-39,236,5
2017-01-11_15:30:16.358000,218,-86,3814,-34,-11,-5
2017-01-11_15:30:16.361000,263,-40,3749,-71,245,-7
2017-01-11_15:30:16.365000,272,14,3736,-40,-9,210
2017-01-11_15:30:16.369000,299,9,3711,-36,-16,-12
2017-01-11_15:30:16.372000,271,-3,3732,-55,-252,243
2017-01-11_15:30:16.376000,249,14,3702,-77,-1,-43
2017-01-11_15:30:16.379000,231,-4,3727,-33,-4,-10
2017-01-11_15:30:16.383000,209,-17,3766,-32,-8,-247
2017-01-11_15:30:16.387000,260,-23,3792,-46,-33,239
2017-01-11_15:30:16.390000,270,38,3727,-42,-2,-252
2017-01-11_15:30:16.394000,261,-1,3739,-22,9,-1
2017-01-11_15:30:16.397000,18,-21,3796,-47,-2,-14
2017-01-11_15:30:16.401000,202,-73,3810,-62,-234,-252
2017-01-11_15:30:16.405000,185,-68,3767,-45,-236,252
2017-01-11_15:30:16.408000,238,-86,3771,-22,-255,-246
2017-01-11_15:30:16.412000,265,-81,3832,-93,-255,-22
2017-01-11_15:30:16.416000,291,-64,3825,-48,239,2
2017-01-11_15:30:16.419000,237,-55,3752,-26,-5,-9
2017-01-11_15:30:16.423000,238,-74,3799,-45,-9,-14
2017-01-11_15:30:16.426000,225,-67,3843,-68,253,13
2017-01-11_15:30:16.430000,260,-74,3784,-45,221,-10
2017-01-11_15:30:16.434000,274,-50,3759,-49,-21,-253
2017-01-11_15:30:16.437000,267,-25,3755,-58,-5,-247
2017-01-11_15:30:16.441000,263,-30,3767,-54,244,-17
2017-01-11_15:30:16.444000,271,-34,3768,-41,-238,-10
2017-01-11_15:30:16.448000,213,-46,3736,-54,255,235
2017-01-11_15:30:16.452000,207,-81,3807,-76,-2,-33
2017-01-11_15:30:16.455000,206,-83,3842,-14,245,-237
2017-01-11_15:30:16.459000,248,-49,3803,-33,-251,21
2017-01-11_15:30:16.463000,235,-32,3789,-56,-38,-251
2017-01-11_15:30:16.466000,247,-24,3776,-43,-3,30
2017-01-11_15:30:16.470000,252,-47,3779,-23,239,-17
2017-01-11_15:30:16.473000,186,-63,3807,-43,-251,-253
2017-01-11_15:30:16.477000,235,-29,3707,-65,5,-6
2017-01-11_15:30:16.481000,217,-33,3754,-58,-28,18
2017-01-11_15:30:16.484000,502,-21,3773,-15,12,-12
2017-01-11_15:30:16.488000,271,-20,3799,-50,-27,-10
2017-01-11_15:30:16.492000,246,-15,3746,-78,11,235
2017-01-11_15:30:16.495000,244,-44,3760,-35,-8,-38
2017-01-11_15:30:16.499000,201,-60,3741,-49,-22,-240
2017-01-11_15:30:16.502000,225,-41,3763,-85,-253,-17
2017-01-11_15:30:16.506000,242,-38,3788,-54,-22,-243
2017-01-11_15:30:16.510000,245,-34,3758,-26,-21,-23
2017-01-11_15:30:16.513000,14,-70,3770,-62,17,-250
2017-01-11_15:30:16.517000,252,-46,3741,-61,-20,-27
2017-01-11_15:30:16.521000,242,-68,3836,-32,-6,-6
2017-01-11_15:30:16.525000,235,-74,3832,-39,222,-9
2017-01-11_15:30:16.528000,262,-38,3761,-56,-2,-17
2017-01-11_15:30:16.532000,194,7,3753,-61,-11,243
2017-01-11_15:30:16.535000,245,-54,3754,-17,-18,236
2017-01-11_15:30:16.539000,244,-62,3797,-76,-247,-11
2017-01-11_15:30:16.543000,252,-37,3774,-58,-19,232
2017-01-11_15:30:16.546000,224,-25,3760,-55,-245,230
2017-01-11_15:30:16.550000,239,-20,3705,-27,11,208
2017-01-11_15:30:16.554000,277,-13,3765,-74,-1,-23
2017-01-11_15:30:16.557000,257,-22,3783,-55,206,231
2017-01-11_15:30:16.561000,270,-37,3744,-14,-17,-253
2017-01-11_15:30:16.564000,246,-43,3729,-45,-3,246
2017-01-11_15:30:16.568000,244,-44,3786,-65,-6,233
2017-01-11_15:30:16.572000,238,-23,3754,-57,-3,221
2017-01-11_15:30:16.575000,255,-43,3739,-29,3,-238
2017-01-11_15:30:16.579000,263,-22,3791,-55,-22,222
2017-01-11_15:30:16.583000,222,-37,3762,-37,-256,-5
2017-01-11_15:30:16.586000,252,-32,3782,-16,-255,-19
2017-01-11_15:30:16.590000,240,-55,3761,-47,-9,-1
2017-01-11_15:30:16.593000,221,-40,3795,-78,-5,-5
2017-01-11_15:30:16.597000,246,-26,3799,-49,251,-236
2017-01-11_15:30:16.601000,249,-36,3753,-32,233,255
2017-01-11_15:30:16.604000,264,-48,3833,-71,10,-243
2017-01-11_15:30:16.608000,249,-55,3776,-90,-25,-4
2017-01-11_15:30:16.612000,248,-39,3766,-33,15,-255
2017-01-11_15:30:16.615000,240,-48,3795,-27,224,-15
2017-01-11_15:30:16.619000,249,-31,3807,-70,-1,-250
2017-01-11_15:30:16.622000,231,-63,3791,-34,230,-5
2017-01-11_15:30:16.626000,266,-53,3796,-46,-244,-253
2017-01-11_15:30:16.630000,208,-42,3789,-61,-10,-10
2017-01-11_15:30:16.633000,229,-67,3791,-43,-15,-250
2017-01-11_15:30:16.637000,242,-78,3816,-16,-1,-239
2017-01-11_15:30:16.641000,211,-58,3778,-41,-15,3
2017-01-11_15:30:16.644000,226,-35,3818,-41,-256,-15
2017-01-11_15:30:16.648000,267,-71,3821,-37,-9,-12
2017-01-11_15:30:16.651000,221,-70,3827,-35,-7,235
2017-01-11_15:30:16.655000,206,-49,3798,-65,-15,-6
2017-01-11_15:30:16.659000,246,-51,3774,-54,-12,-2
2017-01-11_15:30:16.662000,236,-83,3775,-53,-13,-6
2017-01-11_15:30:16.666000,223,-41,3784,-46,-245,-21
2017-01-11_15:30:16.670000,211,-69,3752,-62,-14,-16
2017-01-11_15:30:16.673000,244,-8,3809,-31,-14,11
2017-01-11_15:30:16.677000,217,-45,3800,-49,-26,-25
2017-01-11_15:30:16.680000,224,-28,3784,-60,7,-239
2017-01-11_15:30:16.684000,260,-43,3798,-53,237,-8
2017-01-11_15:30:16.688000,216,-33,3770,-22,-4,-16
2017-01-11_15:30:16.691000,217,-43,3814,-58,-13,-28
2017-01-11_15:30:16.695000,245,-19,3737,-82,239,2
2017-01-11_15:30:16.698000,243,1,3776,-42,-16,-11
2017-01-11_15:30:16.702000,249,-57,3818,-30,-3,-251
2017-01-11_15:30:16.706000,231,-34,3752,-68,235,-27
2017-01-11_15:30:16.709000,256,-38,3756,-67,-246,-18
2017-01-11_15:30:16.713000,240,-39,3721,-38,-253,-1
2017-01-11_15:30:16.717000,260,-37,3784,-23,-248,-9
2017-01-11_15:30:16.720000,254,-55,3772,-58,6,-6
2017-01-11_15:30:16.724000,219,-23,3766,-63,-244,-9
2017-01-11_15:30:16.727000,241,-50,3749,-29,-4,-1
2017-01-11_15:30:16.731000,1,-9,3795,-68,242,-28
2017-01-11_15:30:16.735000,257,-14,3744,-49,-10,241
2017-01-11_15:30:16.738000,269,-35,3801,-28,-252,-5
2017-01-11_15:30:16.742000,241,-45,3772,-67,-1,-10
2017-01-11_15:30:16.746000,272,-43,3763,-62,250,-25
2017-01-11_15:30:16.749000,238,-44,3771,-30,-4,223
2017-01-11_15:30:16.753000,257,-46,3784,-29,218,-235
2017-01-11_15:30:16.756000,261,-54,3764,-70,-18,3
2017-01-11_15:30:16.760000,249,-42,3808,-71,223,-13
2017-01-11_15:30:16.764000,218,-31,3793,-39,-252,-255
2017-01-11_15:30:16.767000,236,-52,3766,-66,229,-16
2017-01-11_15:30:16.771000,244,-44,3779,-60,-245,-238
2017-01-11_15:30:16.775000,237,-52,3800,-46,-247,-26
2017-01-11_15:30:16.778000,255,-20,3801,-33,-21,-237
2017-01-11_15:30:16.782000,253,-26,3769,-49,-256,-27
2017-01-11_15:30:16.785000,232,-26,3750,-65,4,-9
2017-01-11_15:30:16.789000,252,-62,3762,-46,247,-17
2017-01-11_15:30:16.793000,260,-49,3768,-47,-235,235
2017-01-11_15:30:16.796000,238,-50,3802,-72,248,-2
2017-01-11_15:30:16.800000,262,-55,3797,-43,-250,9
2017-01-11_15:30:16.803000,240,-63,3784,-33,-5,-16
2017-01-11_15:30:16.807000,236,-50,3784,-74,-6,-23
2017-01-11_15:30:16.811000,250,-44,3771,-38,-10,-10
2017-01-11_15:30:16.814000,234,-67,3761,-32,-6,-16
2017-01-11_15:30:16.818000,221,-65,3801,-41,-6,235
2017-01-11_15:30:16.822000,209,-38,3791,-65,-13,-16
2017-01-11_15:30:16.825000,220,-40,3810,-54,-18,235
2017-01-11_15:30:16.829000,250,-67,3767,-30,-30,-31
2017-01-11_15:30:16.833000,206,-25,3782,-69,-21,-241
2017-01-11_15:30:16.836000,230,-61,3756,-54,-23,-3
2017-01-11_15:30:16.840000,246,-36,3739,-30,-18,-5
2017-01-11_15:30:16.843000,258,-22,3791,-35,-14,12
2017-01-11_15:30:16.847000,217,-27,3750,-61,-20,-17
2017-01-11_15:30:16.851000,258,-20,3733,-66,224,8
2017-01-11_15:30:16.854000,245,-58,3770,-36,-26,203
2017-01-11_15:30:16.858000,244,-47,3788,-52,-253,-17
2017-01-11_15:30:16.862000,262,-39,3783,-61,-255,218
2017-01-11_15:30:16.865000,219,-59,3767,-42,-17,248
2017-01-11_15:30:16.869000,207,-35,3755,-38,-245,-32
2017-01-11_15:30:16.872000,248,-33,3766,-66,-250,216
2017-01-11_15:30:16.876000,282,-8,3783,-43,-251,-26
2017-01-11_15:30:16.879000,247,-5,3763,-32,-250,233
2017-01-11_15:30:16.883000,235,3,3756,-47,3,241
2017-01-11_15:30:16.887000,246,-31,3783,-68,243,-3
2017-01-11_15:30:16.890000,262,-38,3764,-25,-11,199
2017-01-11_15:30:16.894000,289,-30,3734,-33,240,-233
2017-01-11_15:30:16.898000,227,-46,3815,-71,-250,247
2017-01-11_15:30:16.901000,252,-63,3805,-32,-249,-1
2017-01-11_15:30:16.905000,255,-37,3773,-22,-15,-249
2017-01-11_15:30:16.909000,248,-63,3764,-73,-22,-1
2017-01-11_15:30:16.912000,250,-46,3809,-63,0,-11
2017-01-11_15:30:16.916000,228,-44,3786,-25,228,10
2017-01-11_15:30:16.919000,234,-43,3818,-38,-4,6
2017-01-11_15:30:16.923000,226,-56,3768,-62,-29,-252
2017-01-11_15:30:16.927000,271,-52,3794,-52,-3,2
2017-01-11_15:30:16.930000,258,-46,3771,-33,-18,-9
2017-01-11_15:30:16.934000,213,-72,3789,-51,-6,233
2017-01-11_15:30:16.937000,226,-48,3785,-81,-18,-243
2017-01-11_15:30:16.941000,233,-53,3768,-35,-255,-29
2017-01-11_15:30:16.945000,1,-35,3776,-26,-1,-236
2017-01-11_15:30:16.948000,241,-22,3760,-56,-3,-2
2017-01-11_15:30:16.952000,221,-62,3782,-34,4,204
2017-01-11_15:30:16.956000,224,-51,3783,-30,-19,19
2017-01-11_15:30:16.959000,212,-18,3763,-27,-1,236
2017-01-11_15:30:16.963000,217,-18,3752,-81,-253,-4
2017-01-11_15:30:16.966000,245,-44,3764,-34,-12,-20
2017-01-11_15:30:16.970000,239,-20,3770,-14,-10,244
2017-01-11_15:30:16.974000,252,-29,3770,-63,-6,200
2017-01-11_15:30:16.977000,249,-6,3751,-86,-8,252
2017-01-11_15:30:16.981000,239,-33,3790,-19,3,-248
2017-01-11_15:30:16.984000,237,-60,3775,-64,-11,-36
2017-01-11_15:30:16.988000,258,-44,3798,-57,253,-10
2017-01-11_15:30:16.992000,234,-50,3767,-32,223,-17
2017-01-11_15:30:16.995000,244,-25,3753,-35,-21,-19
2017-01-11_15:30:16.999000,296,-30,3649,-81,255,-235
2017-01-11_15:30:17.003000,161,-58,3827,-52,-25,3
2017-01-11_15:30:17.006000,172,-40,3874,-42,-16,-1
2017-01-11_15:30:17.010000,273,-30,3624,-20,-33,-240
2017-01-11_15:30:17.013000,505,-27,3703,-77,-251,1
2017-01-11_15:30:17.017000,166,-67,3762,-61,-1,-14
2017-01-11_15:30:17.021000,198,-75,3640,-254,-14,-5
2017-01-11_15:30:17.024000,192,-53,3784,-68,226,-235
2017-01-11_15:30:17.028000,264,-4,3697,-60,-9,-18
2017-01-11_15:30:17.032000,282,-35,3769,-57,-11,-231
2017-01-11_15:30:17.035000,236,-80,3792,-32,243,-11
2017-01-11_15:30:17.039000,241,-45,3856,-88,250,-234
2017-01-11_15:30:17.043000,240,-44,3774,-32,239,-248
2017-01-11_15:30:17.046000,289,-61,3755,-30,-10,2
2017-01-11_15:30:17.050000,224,-99,3788,-61,255,-30
2017-01-11_15:30:17.054000,205,-57,3758,-96,-12,16
2017-01-11_15:30:17.057000,244,-12,3788,-17,-16,231
2017-01-11_15:30:17.061000,237,-29,4062,-20,-249,-21
2017-01-11_15:30:17.065000,206,-69,3778,-78,-19,-248
2017-01-11_15:30:17.068000,230,-55,3783,-67,-254,-28
2017-01-11_15:30:17.072000,196,-61,3779,-8,-2,-22
2017-01-11_15:30:17.075000,245,-25,3783,-26,-2,-5
2017-01-11_15:30:17.079000,263,-32,3801,-64,-2,237
2017-01-11_15:30:17.083000,264,-25,3778,-55,-16,-46
2017-01-11_15:30:17.086000,268,-52,3741,-34,234,241
2017-01-11_15:30:17.090000,204,-57,3766,-59,-250,-6
2017-01-11_15:30:17.094000,213,-75,3848,-38,-9,-15
2017-01-11_15:30:17.097000,202,-47,3804,-26,-11,-3
2017-01-11_15:30:17.101000,499,-43,3790,-59,-5,1
2017-01-11_15:30:17.104000,256,-11,3777,-67,-5,-26
2017-01-11_15:30:17.108000,242,-51,3805,-51,-6,-246
2017-01-11_15:30:17.112000,10,-46,3763,-6,-14,8
2017-01-11_15:30:17.115000,268,-44,3722,-55,242,-4
2017-01-11_15:30:17.119000,192,-73,4053,-60,229,246
2017-01-11_15:30:17.123000,260,-46,3771,-34,-11,249
2017-01-11_15:30:17.126000,319,-34,3708,-83,-245,-19
2017-01-11_15:30:17.130000,9,-18,3773,-71,-9,-254
2017-01-11_15:30:17.133000,309,-4,3761,-57,-247,226
2017-01-11_15:30:17.137000,239,-45,3709,-26,17,-12
2017-01-11_15:30:17.141000,486,-31,3761,-74,-241,9
2017-01-11_15:30:17.144000,235,-28,3763,-74,253,-254
2017-01-11_15:30:17.148000,234,-31,3775,-28,-18,-23
2017-01-11_15:30:17.152000,259,-25,3767,-31,236,-10
2017-01-11_15:30:17.155000,253,-3,3728,-72,-13,-2
2017-01-11_15:30:17.159000,222,-66,3765,-46,-2,-22
2017-01-11_15:30:17.162000,180,-43,3781,-35,-5,-250
2017-01-11_15:30:17.166000,200,-26,3842,-66,231,-21
2017-01-11_15:30:17.170000,232,-16,3811,-42,-1,-242
2017-01-11_15:30:17.173000,266,-37,3784,-42,-25,12
2017-01-11_15:30:17.177000,237,-19,3770,-67,-11,220
2017-01-11_15:30:17.181000,239,-50,3781,-79,217,-12
2017-01-11_15:30:17.184000,189,-18,3738,-54,-17,234
2017-01-11_15:30:17.188000,249,-41,3785,-35,-15,-7
2017-01-11_15:30:17.191000,226,-11,3793,-54,-6,-17
2017-01-11_15:30:17.195000,284,9,3771,-50,-1,-9
2017-01-11_15:30:17.199000,274,-31,3782,-32,-25,228
2017-01-11_15:30:17.202000,242,-61,3754,-27,-24,2
2017-01-11_15:30:17.206000,261,-109,3759,-89,7,248
2017-01-11_15:30:17.209000,200,-61,3786,-58,-30,6
2017-01-11_15:30:17.213000,245,-26,3786,-35,-235,-27
2017-01-11_15:30:17.217000,229,-47,3784,-50,241,-252
2017-01-11_15:30:17.220000,284,-42,3785,-68,1,224
2017-01-11_15:30:17.224000,252,-44,3748,-59,249,-24
2017-01-11_15:30:17.227000,480,-59,3751,-33,-35,252
2017-01-11_15:30:17.231000,243,-42,3745,-77,-244,-12
2017-01-11_15:30:17.235000,226,-17,3784,-48,-10,-242
2017-01-11_15:30:17.238000,219,-42,3789,-34,-252,-15
2017-01-11_15:30:17.242000,236,-37,3772,-65,242,-22
2017-01-11_15:30:17.246000,226,-34,3758,-55,-236,-5
2017-01-11_15:30:17.249000,174,-49,3791,-32,234,252
2017-01-11_15:30:17.253000,224,-49,3823,-48,-249,231
2017-01-11_15:30:17.256000,222,-37,3808,-76,-31,-234
2017-01-11_15:30:17.260000,277,-35,3806,-70,-24,231
2017-01-11_15:30:17.264000,248,-58,3796,-9,-3,-1
2017-01-11_15:30:17.267000,241,-48,3776,-49,-15,-7
2017-01-11_15:30:17.271000,206,-90,3769,-70,-4,-229
2017-01-11_15:30:17.275000,232,-56,3776,-36,-256,-15
2017-01-11_15:30:17.278000,280,-37,3770,-16,235,-230
2017-01-11_15:30:17.282000,277,-29,3814,-58,-10,-11
2017-01-11_15:30:17.285000,274,-62,3729,-72,228,-12
2017-01-11_15:30:17.289000,245,-34,3752,-12,240,-1
2017-01-11_15:30:17.293000,255,-48,3741,-30,-1,8
2017-01-11_15:30:17.296000,218,-45,3770,-65,227,-17
2017-01-11_15:30:17.300000,206,-34,3776,-39,248,-7
2017-01-11_15:30:17.304000,224,-36,3771,-43,-10,-12
2017-01-11_15:30:17.307000,253,-54,3793,-55,-11,-14
2017-01-11_15:30:17.311000,249,-36,3778,-63,-250,-246
2017-01-11_15:30:17.314000,247,-61,3796,-14,-22,-9
2017-01-11_15:30:17.318000,218,-81,3745,-42,2,-24
2017-01-11_15:30:17.322000,224,-61,3761,-67,255,8
2017-01-11_15:30:17.325000,484,-32,3791,-45,7,-22
2017-01-11_15:30:17.329000,211,-37,3787,-28,222,5
2017-01-11_15:30:17.332000,242,-16,3776,-60,-14,-242
2017-01-11_15:30:17.336000,498,-47,3739,-78,239,5
2017-01-11_15:30:17.340000,214,-45,3792,-256,6,-7
2017-01-11_15:30:17.343000,192,-55,3753,-36,237,225
2017-01-11_15:30:17.347000,198,-34,3810,-56,-240,-15
2017-01-11_15:30:17.351000,213,-41,3792,-71,-245,229
2017-01-11_15:30:17.354000,241,-39,3772,-11,-5,-249
2017-01-11_15:30:17.358000,228,-48,3763,-39,-4,231
2017-01-11_15:30:17.361000,257,-40,3788,-56,9,-14
2017-01-11_15:30:17.365000,233,-50,3784,-7,-256,36
2017-01-11_15:30:17.369000,224,-37,3742,-35,-6,-18
2017-01-11_15:30:17.372000,258,-21,3766,-83,-252,226
2017-01-11_15:30:17.376000,267,-22,3793,-70,-255,-243
2017-01-11_15:30:17.380000,261,-19,3765,-30,-242,-254
2017-01-11_15:30:17.383000,251,-59,3771,-61,-15,240
2017-01-11_15:30:17.387000,255,-22,3777,-82,-5,243
2017-01-11_15:30:17.390000,227,-51,3796,-40,-23,-31
2017-01-11_15:30:17.394000,228,-28,3781,-68,-6,-251
2017-01-11_15:30:17.398000,252,-60,3759,-48,-242,234
2017-01-11_15:30:17.401000,226,-44,3780,-36,-12,-15
2017-01-11_15:30:17.405000,218,-24,3768,-47,-20,12
2017-01-11_15:30:17.409000,243,-45,3787,-80,-9,-32
2017-01-11_15:30:17.412000,243,-29,3763,-59,-20,-11
2017-01-11_15:30:17.416000,252,-51,3748,-36,3,-10
2017-01-11_15:30:17.419000,219,-33,3749,-26,250,2
2017-01-11_15:30:17.423000,239,-44,3753,-83,1,-18
2017-01-11_15:30:17.427000,272,-57,3799,-51,-16,8
2017-01-11_15:30:17.430000,207,-67,3783,-35,11,-5
2017-01-11_15:30:17.434000,252,-43,3764,-29,222,-6
2017-01-11_15:30:17.438000,234,-53,3775,-38,-239,-236
2017-01-11_15:30:17.441000,243,-35,3766,-55,-15,22
2017-01-11_15:30:17.445000,205,-57,3809,-34,-1,-37
2017-01-11_15:30:17.448000,235,-38,3780,-14,217,10
2017-01-11_15:30:17.452000,220,-54,3790,-57,-29,-12
2017-01-11_15:30:17.456000,241,-26,3781,-24,-14,-34
2017-01-11_15:30:17.459000,246,-44,3782,-59,-12,-2
2017-01-11_15:30:17.463000,251,-39,3748,-92,-10,22
2017-01-11_15:30:17.466000,236,-21,3774,-45,-255,-22
2017-01-11_15:30:17.470000,218,-50,3728,-39,-17,-247
2017-01-11_15:30:17.474000,254,-55,3785,-53,-247,-236
2017-01-11_15:30:17.477000,234,-28,3728,-50,231,-23
2017-01-11_15:30:17.481000,223,-62,3755,-39,-8,4
2017-01-11_15:30:17.485000,217,-5,3788,-33,-14,-8
2017-01-11_15:30:17.488000,233,-52,3800,-74,8,228
2017-01-11_15:30:17.492000,244,-39,3786,-24,-3,-13
2017-01-11_15:30:17.495000,237,-41,3774,-26,-11,253
2017-01-11_15:30:17.499000,214,-63,3787,-53,-238,-21
2017-01-11_15:30:17.503000,254,-39,3798,-58,231,-252
2017-01-11_15:30:17.506000,247,-44,3784,-30,-14,233
2017-01-11_15:30:17.510000,258,-46,3809,-51,232,-252
2017-01-11_15:30:17.514000,228,-53,3760,-71,-22,235
2017-01-11_15:30:17.517000,243,-53,3764,-44,-9,-31
2017-01-11_15:30:17.521000,221,-51,3788,-19,241,-7
2017-01-11_15:30:17.524000,234,-35,3794,-74,-246,-16
2017-01-11_15:30:17.528000,244,-44,3795,-69,-19,-9
2017-01-11_15:30:17.532000,249,-43,3806,-41,-255,-6
2017-01-11_15:30:17.535000,237,-25,3747,-27,-10,218
2017-01-11_15:30:17.539000,243,-18,3769,-48,-14,-21
2017-01-11_15:30:17.542000,244,-35,3777,-35,-17,234
2017-01-11_15:30:17.546000,234,-41,3812,-26,240,3
2017-01-11_15:30:17.550000,245,-43,3747,-53,-20,221
2017-01-11_15:30:17.553000,264,-48,3770,-67,-19,-7
2017-01-11_15:30:17.557000,254,-54,3797,-36,-20,231
2017-01-11_15:30:17.561000,243,-35,3784,-22,238,-12
2017-01-11_15:30:17.565000,256,-31,3752,-76,-3,-22
2017-01-11_15:30:17.568000,243,-69,3767,-69,-3,13
2017-01-11_15:30:17.572000,242,-32,3755,-25,8,-16
2017-01-11_15:30:17.576000,243,-50,3781,-53,-256,1
2017-01-11_15:30:17.579000,221,-72,3788,-67,28,-4
2017-01-11_15:30:17.583000,243,-12,3785,-55,-21,-18
2017-01-11_15:30:17.587000,231,-50,3761,-45,-2,-20
2017-01-11_15:30:17.590000,241,-47,3724,-71,-14,2
2017-01-11_15:30:17.594000,244,-61,3804,-51,-253,-23
2017-01-11_15:30:17.597000,256,-63,3787,-19,-20,-252
2017-01-11_15:30:17.601000,250,-49,3773,-45,-17,245
2017-01-11_15:30:17.605000,223,-37,3759,-64,-255,-244
2017-01-11_15:30:17.608000,231,-42,3776,-29,230,-19
2017-01-11_15:30:17.612000,228,-14,3758,-22,-4,-250
2017-01-11_15:30:17.615000,234,-56,3794,-64,-13,-18
2017-01-11_15:30:17.619000,220,-57,3784,-35,-8,-5
2017-01-11_15:30:17.623000,247,-51,3794,-26,-11,-238
2017-01-11_15:30:17.626000,221,-44,3771,-65,251,231
2017-01-11_15:30:17.630000,248,-62,3767,-67,-5,-17
2017-01-11_15:30:17.633000,241,-35,3771,-19,-9,-1
2017-01-11_15:30:17.637000,233,-49,3766,-32,-251,213
2017-01-11_15:30:17.641000,215,-32,3769,-80,250,-238
2017-01-11_15:30:17.644000,219,-50,3767,-61,247,-25
2017-01-11_15:30:17.648000,238,-37,3796,-24,10,-29
2017-01-11_15:30:17.652000,225,-50,3778,-38,227,8
2017-01-11_15:30:17.655000,228,-58,3817,-67,-20,242
2017-01-11_15:30:17.659000,478,-33,3796,-57,-1,-18
2017-01-11_15:30:17.662000,251,-43,3762,-38,-6,-3
2017-01-11_15:30:17.666000,209,-22,3742,-66,-14,4
2017-01-11_15:30:17.670000,250,-62,3753,-43,-19,-9
2017-01-11_15:30:17.673000,224,-25,3778,-34,-17,24
2017-01-11_15:30:17.677000,225,-54,3781,-53,-7,-4
2017-01-11_15:30:17.681000,244,-44,3760,-58,247,1
2017-01-11_15:30:17.684000,241,-26,3772,-32,-20,239
2017-01-11_15:30:17.688000,243,-49,3801,-33,-250,-39
2017-01-11_15:30:17.691000,237,-59,3757,-73,-5,-19
2017-01-11_15:30:17.695000,272,-45,3787,-67,-1,-223
2017-01-11_15:30:17.699000,246,-39,3763,-15,237,237
2017-01-11_15:30:17.702000,265,-51,3775,-25,-256,-236
2017-01-11_15:30:17.706000,238,-20,3799,-59,-10,247
2017-01-11_15:30:17.710000,255,-45,3786,-46,-27,-12
2017-01-11_15:30:17.713000,255,-39,3785,-26,-14,-33
2017-01-11_15:30:17.717000,238,-56,3774,-66,-7,11
2017-01-11_15:30:17.720000,220,-33,3800,-79,-17,221
2017-01-11_15:30:17.724000,246,-44,3764,-22,246,-243
2017-01-11_15:30:17.728000,220,-68,3830,-33,1,-16
2017-01-11_15:30:17.731000,249,-8,3767,-55,-13,228
2017-01-11_15:30:17.735000,251,-10,3810,-52,233,-8
2017-01-11_15:30:17.739000,198,-61,3770,-15,-21,-8
2017-01-11_15:30:17.742000,255,-24,3736,-65,251,236
2017-01-11_15:30:17.746000,204,-38,3790,-58,254,-3
2017-01-11_15:30:17.749000,240,-38,3794,-51,-10,-14
2017-01-11_15:30:17.753000,245,-43,3779,-51,-241,229
2017-01-11_15:30:17.757000,259,-47,3800,-51,-9,-12
2017-01-11_15:30:17.760000,231,-45,3777,-45,-13,241
2017-01-11_15:30:17.764000,271,-41,3741,-40,-22,-26
2017-01-11_15:30:17.767000,213,-74,3739,-43,-6,-14
2017-01-11_15:30:17.771000,195,-53,3758,-75,251,18
2017-01-11_15:30:17.775000,247,-15,3796,-29,-7,-34
2017-01-11_15:30:17.778000,214,-56,3797,-20,-247,-4
2017-01-11_15:30:17.782000,240,-39,3798,-80,-2,-8
2017-01-11_15:30:17.786000,254,-22,3753,-68,-9,-16
2017-01-11_15:30:17.789000,258,-32,3737,-25,-238,-7
2017-01-11_15:30:17.793000,246,-7,3782,-44,-250,-6
2017-01-11_15:30:17.796000,224,-44,3766,-82,19,222
2017-01-11_15:30:17.800000,242,-48,3812,-43,-6,-10
2017-01-11_15:30:17.804000,510,-57,3743,-36,-6,246
2017-01-11_15:30:17.807000,230,-36,3798,-69,4,-14
2017-01-11_15:30:17.811000,236,-48,3801,-60,-1,243
2017-01-11_15:30:17.815000,258,-29,3732,-54,-251,-13
2017-01-11_15:30:17.818000,228,-46,3785,-61,-5,-18
2017-01-11_15:30:17.822000,226,-67,3786,-75,-250,-256
2017-01-11_15:30:17.826000,239,-41,3775,-45,232,13
2017-01-11_15:30:17.829000,224,-48,3793,-36,-16,-254
2017-01-11_15:30:17.833000,249,-43,3819,-68,-249,-247
2017-01-11_15:30:17.836000,210,-73,3770,-69,234,-14
2017-01-11_15:30:17.840000,235,-61,3808,-17,-30,-251
2017-01-11_15:30:17.843000,231,-51,3769,-42,-14,-2
2017-01-11_15:30:17.847000,248,-30,3759,-64,-256,-1
2017-01-11_15:30:17.851000,246,-49,3752,-39,-18,-251
2017-01-11_15:30:17.854000,240,-32,3759,-52,-12,-3
2017-01-11_15:30:17.858000,222,-62,3773,-66,-250,235
2017-01-11_15:30:17.862000,234,-66,3786,-88,-11,-14
2017-01-11_15:30:17.865000,239,-41,3756,-57,-16,-4
2017-01-11_15:30:17.869000,227,-52,3777,-35,-22,-250
2017-01-11_15:30:17.872000,237,-54,3760,-72,239,-18
2017-01-11_15:30:17.876000,226,-45,3764,-47,232,-23
2017-01-11_15:30:17.880000,247,-52,3775,-37,-18,-1
2017-01-11_15:30:17.883000,216,-60,3724,-44,-254,-34
2017-01-11_15:30:17.887000,247,-29,3784,-58,253,-247
2017-01-11_15:30:17.890000,232,-34,3762,-38,-246,-5
2017-01-11_15:30:17.894000,241,-36,3754,-58,5,-32
2017-01-11_15:30:17.898000,240,-39,3776,-66,-13,1
2017-01-11_15:30:17.901000,217,-65,3753,-44,-15,-253
2017-01-11_15:30:17.905000,243,-77,3777,-20,-14,-36
2017-01-11_15:30:17.909000,242,-44,3811,-67,0,8
2017-01-11_15:30:17.912000,233,-38,3775,-70,-14,-29
2017-01-11_15:30:17.916000,254,-30,3790,-31,-15,-250
2017-01-11_15:30:17.920000,237,-21,3795,-41,-12,-8
2017-01-11_15:30:17.923000,237,-43,3769,-78,-8,-3
2017-01-11_15:30:17.927000,230,-31,3791,-60,234,-13
2017-01-11_15:30:17.930000,239,-54,3741,-34,-26,-214
2017-01-11_15:30:17.934000,239,-58,3770,-29,-8,-45
2017-01-11_15:30:17.938000,227,-43,3787,-83,-21,-227
2017-01-11_15:30:17.941000,218,-31,3761,-51,-249,6
2017-01-11_15:30:17.945000,246,-52,3820,-35,-1,-255
2017-01-11_15:30:17.948000,241,-52,3742,-67,232,-12
2017-01-11_15:30:17.952000,214,-45,3784,-32,-239,-242
2017-01-11_15:30:17.956000,218,-42,3770,-23,250,231
2017-01-11_15:30:17.959000,231,-26,3802,-39,-254,-254
2017-01-11_15:30:17.963000,239,-50,3769,-65,-7,222
2017-01-11_15:30:17.967000,221,-18,3781,-44,-14,-253
2017-01-11_15:30:17.970000,254,-32,3772,-35,238,225
2017-01-11_15:30:17.974000,232,-57,3767,-60,-250,-256
2017-01-11_15:30:17.977000,250,-43,3749,-34,-13,200
2017-01-11_15:30:17.981000,250,-39,3739,-28,-3,-12
2017-01-11_15:30:17.985000,244,-35,3719,-51,-7,-252
2017-01-11_15:30:17.988000,228,-52,3781,-70,-252,233
2017-01-11_15:30:17.992000,261,-37,3748,-59,234,-15
2017-01-11_15:30:17.996000,241,-50,3770,-13,-254,21
2017-01-11_15:30:17.999000,239,-56,3783,-60,-10,-31
2017-01-11_15:30:18.003000,220,-17,3782,-67,-3,-5
2017-01-11_15:30:18.006000,208,-55,3778,-21,6,-256
2017-01-11_15:30:18.010000,233,-44,3787,-27,-28,-9
2017-01-11_15:30:18.014000,235,-42,3769,-78,-10,249
2017-01-11_15:30:18.017000,246,-24,3745,-46,218,-237
2017-01-11_15:30:18.021000,238,-23,3799,-14,-13,209
2017-01-11_15:30:18.024000,251,-39,3775,-52,-17,-6
2017-01-11_15:30:18.028000,245,-58,3806,-61,-6,243
2017-01-11_15:30:18.032000,263,-59,3785,-29,-18,-16
2017-01-11_15:30:18.035000,237,-51,3820,-31,-12,238
2017-01-11_15:30:18.039000,248,-29,3769,-76,-9,-16
2017-01-11_15:30:18.043000,238,-46,3790,-45,-13,-31
2017-01-11_15:30:18.046000,238,-45,3781,-28,-256,-253
2017-01-11_15:30:18.050000,228,-44,3746,-61,-21,11
2017-01-11_15:30:18.054000,218,-59,3837,-55,-244,-14
2017-01-11_15:30:18.057000,197,-10,3729,-9,-256,254
2017-01-11_15:30:18.061000,222,-31,3826,-17,-250,-249
2017-01-11_15:30:18.064000,226,-58,3725,-87,-9,238
2017-01-11_15:30:18.068000,12,-53,3716,-27,-255,-17
2017-01-11_15:30:18.072000,210,-25,3781,-17,235,201
2017-01-11_15:30:18.075000,230,-30,3796,-77,-18,-13
2017-01-11_15:30:18.079000,229,-65,3766,-58,-14,233
2017-01-11_15:30:18.082000,267,-66,3767,-4,-253,238
2017-01-11_15:30:18.086000,228,-29,3747,-43,-13,-36
2017-01-11_15:30:18.090000,225,-29,3765,-63,-25,13
2017-01-11_15:30:18.094000,234,-43,3776,-53,-253,240
2017-01-11_15:30:18.097000,215,-15,3751,-14,-254,-241
2017-01-11_15:30:18.101000,239,-45,3775,-58,-13,-17
2017-01-11_15:30:18.105000,222,-30,3774,-62,238,-14
2017-01-11_15:30:18.108000,252,-46,3796,-50,-3,-3
2017-01-11_15:30:18.112000,244,-36,3738,-44,231,-256
2017-01-11_15:30:18.115000,255,-52,3747,-64,6,247
2017-01-11_15:30:18.119000,230,-46,3759,-55,-27,-32
2017-01-11_15:30:18.123000,225,-32,3792,-17,254,20
2017-01-11_15:30:18.126000,191,-65,3867,-66,8,-25
2017-01-11_15:30:18.130000,269,-26,3717,-63,231,-10
2017-01-11_15:30:18.134000,284,-39,3729,-49,0,-251
2017-01-11_15:30:18.137000,230,-46,3752,-22,-18,-13
2017-01-11_15:30:18.141000,223,-46,3804,-86,234,230
